Control,Title,Theme,Applicable Y/N,Justification for inclusion or exclusion,Implementation status,Evidence held or required,Owner (job title),Related CGI-RSK-001 v1.1 risk ID,Related CGI-GAP-001 Category,Related CGI-TPR-001 finding,Target date,Basis for inclusion,Control maturity (0-4),In CGI-GAP-001 mapping (Y/N),CGI-GAP-001 mapped under,Roadmap link
A.5.1,Policies for information security,Organizational,Y,"Required by every register risk that relies on a written rule. Five topic-specific policies are approved (GV.PO = 2) but there is no top-level ISMS policy, 40% of staff have not acknowledged the pack and no annual review has run.",Partial,Held: CGI-POL-001 to -005 v1.0 approved; CGI-TRK-001 (60% acknowledged). Required: CEO-approved ISMS policy; first annual review record; 100% acknowledgement.,Chief Executive Officer,R-001; R-002,GV.PO; GV.OC; GV.RM,-,31 Oct 2026,Risk + Maturity gap,2,Y,GV.OC; GV.RM; GV.PO,ISO-03; REC-04
A.5.2,Information security roles and responsibilities,Organizational,Y,"Accountability exists per document (GV.RR = 2) and CGI-POL-005 section 4 names response roles, but no ISMS role, security programme lead or RACI across the controls exists.",Partial,Held: document control blocks; CGI-POL-005 section 4 roles; CGI-TPR-001 RACI. Required: ISMS RACI covering this SoA; written assignment of the security programme lead.,Chief Executive Officer,R-003,GV.RR,-,31 Oct 2026,Risk + Maturity gap,2,Y,GV.RR,ISO-04
A.5.3,Segregation of duties,Organizational,Y,"Policy approval is segregated (CGI-POL-002 approver moved to the CEO), but engineers can commit straight to production with no second person, which is the code-path duty conflict behind R-004.",Partial,Held: CGI-POL-002 approval record. Required: segregation-of-duties matrix; GitHub branch protection requiring a second reviewer.,Chief Technology Officer,R-004; R-003,GV.RR,-,31 Mar 2027,Risk + Maturity gap,1,Y,GV.RR,REC-06
A.5.4,Management responsibilities,Organizational,Y,"Management must require staff to apply policy. CGI-TRK-001 shows 60% acknowledgement, so roughly 20 staff are bound by rules they have not read (GAP-004).",Partial,Held: CGI-TRK-001. Required: onboarding acknowledgement gate; CEO communication requiring compliance.,Chief Executive Officer,R-001; R-002,GV.RR; GV.RM; GV.OC,-,31 Dec 2026,Risk + Maturity gap,1,Y,GV.OC; GV.RM; GV.RR,REC-04
A.5.5,Contact with authorities,Organizational,Y,"CGI-POL-005 section 5.6.3 commits to the GDPR 72-hour notification, but no lead supervisory authority or contact route is recorded (GAP-019), and F-002 shows the clock can start outside CGI's control.",Partial,"Held: CGI-POL-005 section 5.6.3. Required: authority contact register (supervisory authority, national CSIRT, police cyber unit).",Head of Customer Success,VR-004; R-005; R-003,RS.CO; RC.CO,F-002 (no vendor breach-notification clause),31 Dec 2026,Risk + Maturity gap + Vendor finding,1,Y,RS.CO; RC.CO,ISO-01; REC-14
A.5.6,Contact with special interest groups,Organizational,Y,Mapped by CGI-GAP-001 to RS.CO and RC.CO. No membership of any security community exists; also the practical feed for A.5.7.,Not started,Held: none. Required: record of at least one membership (for example a national CERT advisory list or an OWASP chapter).,Chief Technology Officer,-,RS.CO; RC.CO,-,30 Jun 2027,Maturity gap,0,Y,RS.CO; RC.CO,REC-12
A.5.7,Threat intelligence,Organizational,Y,"ID.RA = 3 describes the register method, not threat intelligence. The register's coverage rests on workshop judgement with no technical or threat input (CG-02), so this control is Not started.",Not started,"Held: none. Required: named intelligence sources, a monthly review record and evidence that findings fed CGI-RSK-001.",Chief Technology Officer,R-001; R-002; R-004,ID.RA; PR.PS,-,31 Mar 2027,Risk + Maturity gap,0,Y,ID.RA,REC-08
A.5.8,Information security in project management,Organizational,Y,"Missed by CGI-GAP-001. Features reach production with no security requirement step (R-004), and two AI tools entered the business with no project review (VR-005).",Not started,Held: none. Required: security requirements gate in CGI-POL-007; project intake checklist.,Chief Technology Officer,R-004; VR-005,PR.PS,CGI-VEN-012 and -013 adopted outside any project or procurement review,31 Mar 2027,Risk + Maturity gap + Vendor finding,0,N,-,REC-06
A.5.9,Inventory of information and other associated assets,Organizational,Y,"ID.AM = 1. The CGI-TPR-001 vendor inventory is one input; no inventory of AWS data stores, repositories, drives or endpoints exists.",Partial,Held: CGI-TPR-001 vendor inventory (17 rows). Required: asset and SaaS inventory with owner and CGI-POL-004 label per asset.,IT Operations Manager,R-003; R-005,ID.AM,17-vendor inventory (input only - not an asset inventory),31 Mar 2027,Risk + Maturity gap + Vendor finding,1,Y,ID.AM,REC-05
A.5.10,Acceptable use of information and other associated assets,Organizational,Y,"CGI-POL-001 is approved, including section 4.5 on AI use, but 40% of staff have not acknowledged it and Otter.ai shows it being bypassed (VR-006).",Partial,Held: CGI-POL-001 v1.0. Required: 100% acknowledgement; AI-use briefing record.,Head of People and Operations,R-001; R-003; VR-006,ID.AM; GV.PO,CGI-VEN-012 Otter.ai used in breach of CGI-POL-001 section 4.5,31 Dec 2026,Risk + Maturity gap + Vendor finding,2,Y,ID.AM,REC-04
A.5.11,Return of assets,Organizational,Y,"Missed by CGI-GAP-001. The rule is written: CGI-POL-001 section 4.11 requires devices, access cards and printed material back within five business days, and CGI-POL-003 section 4.5.9 requires a completed offboarding checklist for every leaver. Neither has been evidenced, and neither reaches company data held on BYOD devices or in non-federated vendor accounts.",Partial,Held: CGI-POL-001 section 4.11; CGI-POL-003 sections 4.5.2 and 4.5.9. Required: completed offboarding checklists covering asset and data return and every non-federated vendor (CGI-TPR-001 Gate C).,Head of People and Operations,R-003; VR-008,PR.AA,F-003 (no SCIM on Slack; leaver removal manual),31 Dec 2026,Risk + Maturity gap + Vendor finding,2,N,-,ISO-11; REC-02
A.5.12,Classification of information,Organizational,Y,"CGI-POL-004 defines four tiers (confirmed, VA-01), but the scheme has not been applied to any asset (ID.AM = 1).",Partial,Held: CGI-POL-004 v1.0. Required: classification recorded against every inventory entry; approved section 4.2 amendment.,Chief Technology Officer,R-003; R-005,ID.AM; PR.DS,CGI-POL-004 section 4.2 named no third-party destinations (CGI-TPR-001 section 1.1),31 Mar 2027,Risk + Maturity gap + Vendor finding,2,Y,ID.AM; PR.DS,REC-05
A.5.13,Labelling of information,Organizational,Y,"No asset carries a classification label, so the Handling Matrix cannot be enforced (GAP-007).",Partial,"Held: labelling rules in CGI-POL-004. Required: labels applied in Google Workspace, repositories and data stores.",IT Operations Manager,R-003,ID.AM,-,31 Mar 2027,Risk + Maturity gap,1,Y,ID.AM,REC-05
A.5.14,Information transfer,Organizational,Y,"The CGI-POL-004 Handling Matrix governs transfer, but it named no permitted third-party destinations until the CGI-TPR-001 amendment, which is still awaiting approval.",Partial,Held: CGI-POL-004 section 4.2. Required: CTO-approved amendment listing permitted destinations by classification.,Chief Technology Officer,R-003; VR-001; VR-003; VR-006,PR.DS,F-001; F-004; CGI-POL-004 section 4.2 named no third-party destinations,31 Oct 2026,Risk + Maturity gap + Vendor finding,2,Y,PR.DS,ISO-09
A.5.15,Access control,Organizational,Y,"CGI-POL-003 is an approved access control policy (PR.AA = 2). It has never been evidenced operating, and the four-hour SLA cannot be met on non-federated vendors.",Partial,Held: CGI-POL-003 v1.0. Required: first quarterly review record; SSO coverage list.,IT Operations Manager,R-001; R-003; VR-008,PR.AA,F-003,31 Dec 2026,Risk + Maturity gap + Vendor finding,2,Y,PR.AA,REC-02
A.5.16,Identity management,Organizational,Y,"Google Workspace is the identity provider (VRA addendum step 3), but Slack, Notion, Grammarly and Miro are not federated, so identity lifecycle is incomplete.",Partial,Held: CGI-POL-003 JML process. Required: SSO/SCIM on Tier 1 vendors (Slack by 15 Nov 2026); KRI-V5 at 100%.,IT Operations Manager,R-001; R-003; VR-008,PR.AA,F-003; KRI-V5,31 Dec 2026,Risk + Maturity gap + Vendor finding,2,Y,PR.AA,REC-01; VRA-2026-002 R3
A.5.17,Authentication information,Organizational,Y,"CGI-POL-002 sections 4.3 and 4.5 are strong, but MFA enrolment is 80% and ACC-001 still accepts SMS until 03 Mar 2027.",Partial,Held: CGI-POL-002; CGI-TRK-001 (80% MFA); ACC-001. Required: 100% enrolment report; ACC-001 retired.,IT Operations Manager,R-001,PR.AA,F-010 (root-account MFA CUEC unaccepted),31 Dec 2026,Risk + Maturity gap + Vendor finding,2,Y,PR.AA,REC-01
A.5.18,Access rights,Organizational,Y,The CGI-POL-003 section 4.7.1 quarterly privileged review is mandated but has never run; the AWS report assumes CGI performs this review (CUEC).,Partial,"Held: CGI-POL-003 section 4.7.1. Required: dated, signed quarterly review records (four by Stage 2).",IT Operations Manager,R-003; R-005; VR-008,PR.AA,F-010 (least-privilege review CUEC); F-003,31 Dec 2026,Risk + Maturity gap + Vendor finding,2,Y,PR.AA,REC-02; VRA-2026-001 C1
A.5.19,Information security in supplier relationships,Organizational,Y,"CGI-TPR-001 is the supplier process, so GV.SC = 2 (designed, owned, communicated). It is not 3: no review cycle has run on cadence, and the first Tier 1 re-reviews fall due Sep 2027.",Partial,Held: CGI-TPR-001 v1.0; VRA-2026-001/-002/-003. Required for Implemented: seven Tier 1 review records; four quarterly shadow-IT reconciliations; KRI reports.,Chief Technology Officer,VR-001; VR-002; VR-003; VR-004; VR-005; VR-006; VR-007; VR-008; VR-009; R-005,GV.SC,"Estate 17 vendors vs 5 known; 2 AI tools found only through expense claims, with no company contract; 4 of 17 with no assurance artifact",30 Sep 2027,Risk + Maturity gap + Vendor finding,2,Y,GV.SC,REC-15 (delivered)
A.5.20,Addressing information security within supplier agreements,Organizational,Y,"The 18-clause checklist and Gate B (no DPA, no onboarding) are designed. 6 of 17 vendors still have no executed DPA, which is a live GDPR Article 28 gap and a likely Stage 2 finding if still open.",Partial,Held: CGI-TPR-001 section 7.4 checklist; 11 executed DPAs. Required: six outstanding DPAs executed; KRI-V1 at 100%.,Chief Technology Officer,VR-001; VR-004; VR-006; VR-007,GV.SC,F-001; F-002; F-004; F-005; F-009 (no audit right - accepted); KRI-V1 = 65% (6 of 17 vendors with no DPA),31 Oct 2026,Risk + Maturity gap + Vendor finding,2,Y,GV.SC,ISO-09; VRA-2026-002 R1-R2
A.5.21,Managing information security in the ICT supply chain,Organizational,Y,"Questionnaire domain 7 and clauses 4-5 design the ICT supply-chain control, but fourth parties behind carve-out reports have never been reconciled.",Partial,Held: CGI-TPR-002 VQ-33 to VQ-36. Required: CSOC reconciliation records for AWS and Slack.,Chief Technology Officer,VR-003; VR-004,GV.SC,F-007; F-011 (CSOC lists never reconciled),31 Dec 2026,Risk + Maturity gap + Vendor finding,2,Y,GV.SC,VRA-2026-001 C2; VRA-2026-002 R6
A.5.22,"Monitoring, review and change management of supplier services",Organizational,Y,"Review cadence is defined (12/18/24 months) and clause 9 treats assurance decay, but zero scheduled reviews have run and no change feed is monitored.",Partial,Held: CGI-TPR-001 tiering model and KRIs. Required: dated review records; sub-processor change-feed subscriptions.,Chief Technology Officer,VR-003; VR-009,GV.SC,F-006 (stale Slack SOC 2); F-012 (sub-processor feed not subscribed),30 Sep 2027,Risk + Maturity gap + Vendor finding,2,Y,GV.SC,VRA-2026-001 C2; REC-15
A.5.23,Information security for use of cloud services,Organizational,Y,"Cloud acquisition is covered by CGI-TPR-001, but there is no cloud-specific process, no documented shared-responsibility boundary and no tested exit, and the four CUECs are unaccepted, so the AWS opinion does not yet cover CGI's use.",Partial,Held: VRA-2026-001. Required: signed CUEC acceptance (C1); shared-responsibility statement; exit plan for Tier 1 cloud vendors (KRI-V7).,Chief Technology Officer,R-005; VR-002; VR-004; VR-007,GV.SC; PR.IR,VRA-2026-001 AWS PASS WITH CONDITIONS (F-010 to F-013; all four conditions are CGI's),15 Dec 2026,Risk + Maturity gap + Vendor finding,1,Y,GV.SC,ISO-02; VRA-2026-001 C1-C4
A.5.24,Information security incident management planning and preparation,Organizational,Y,"CGI-POL-005 is an approved plan with SEV1-SEV4, roles and targets (RS.MA = 2), but it has never been exercised and names no out-of-band channel.",Partial,Held: CGI-POL-005 v1.0. Required: tabletop record; vendor incident contacts; out-of-band channel.,Chief Technology Officer,R-002; R-005; VR-004,RS.MA; RS.CO,F-002; VR-002 (out-of-band incident channel needed),30 Jun 2027,Risk + Maturity gap + Vendor finding,2,Y,RS.MA; RS.CO,REC-12
A.5.25,Assessment and decision on information security events,Organizational,Y,"SEV bands exist, but with no telemetry and no alert-to-incident escalation, there is nothing to assess (DE.AE = 1).",Partial,Held: CGI-POL-005 SEV definitions. Required: written triage and escalation path; sample triage tickets.,IT Operations Manager,R-001; R-003,DE.AE,-,31 Mar 2027,Risk + Maturity gap,1,Y,DE.AE,REC-07
A.5.26,Response to information security incidents,Organizational,Y,"The CGI-POL-005 section 5.5 response stages are written, but no containment runbooks exist and no response has ever been performed or rehearsed.",Partial,Held: CGI-POL-005 section 5.5. Required: runbooks for the top three scenarios; exercise record.,Chief Technology Officer,R-001; R-002; R-005; VR-004,RS.MA; RS.MI,F-002; F-008,30 Jun 2027,Risk + Maturity gap + Vendor finding,2,Y,RS.MA; RS.MI,REC-12
A.5.27,Learning from information security incidents,Organizational,Y,The CGI-POL-005 sections 5.7 and 7.2 reviews and tabletop are written but have never run (ID.IM = 1).,Partial,Held: CGI-POL-005 sections 5.7 and 7.2. Required: lessons-learned record from the first tabletop.,Chief Technology Officer,R-002,ID.IM; RS.AN,-,30 Jun 2027,Risk + Maturity gap,1,Y,ID.IM; RS.AN,REC-12
A.5.28,Collection of evidence,Organizational,Y,"CGI-POL-005 section 5.3.2 forbids deleting evidence, but no collection or chain-of-custody procedure or log retention standard sits beneath it.",Partial,Held: CGI-POL-005 sections 5.3.2 and 5.7.3. Required: evidence-handling procedure; 12-month log retention standard.,IT Operations Manager,R-003; R-004; VR-004,RS.AN,F-008 (no customer-accessible Slack audit log),31 Mar 2027,Risk + Maturity gap + Vendor finding,1,Y,RS.AN,REC-07
A.5.29,Information security during disruption,Organizational,Y,"There is no plan for maintaining security during disruption. Concentration means one AWS regional failure also removes monitoring, ticketing and runbooks.",Partial,Held: AWS snapshots only. Required: disruption plan naming the out-of-band tools; status page (CGI-VEN-017) live.,IT Operations Manager,R-002; VR-002,RC.RP; RC.CO,VR-002 concentration: 5 vendors share AWS with the platform,30 Jun 2027,Risk + Maturity gap + Vendor finding,1,Y,RC.RP; RC.CO,REC-03; REC-14
A.5.30,ICT readiness for business continuity,Organizational,Y,"Backups exist but have never been restored, and no RTO or RPO is declared (CG-01). CGI-RSK-001 gives R-002 no backup credit until this closes.",Partial,Held: AWS native snapshots. Required: CGI-POL-006 with RTO/RPO; dated restore test report.,IT Operations Manager,R-002; VR-002; VR-007,RC.RP,"F-013 (no RTO/RPO, no restore test, export never exercised)",15 Dec 2026,Risk + Maturity gap + Vendor finding,1,Y,RC.RP,REC-03; VRA-2026-001 C4
A.5.31,"Legal, statutory, regulatory and contractual requirements",Organizational,Y,"Obligations are scattered (GDPR processor role in assumption A-06, 72-hour duty in CGI-POL-005). No register of legal, regulatory and contractual requirements exists (GV.OC = 1).",Partial,Held: CGI-RSK-001 assumptions A-01 to A-06. Required: CEO-approved obligations register.,Chief Executive Officer,VR-001,GV.OC,F-001 (GDPR Art. 28 non-conformity),31 Oct 2026,Risk + Maturity gap + Vendor finding,1,Y,GV.OC,ISO-01
A.5.32,Intellectual property rights,Organizational,Y,"No register risk covers this, and it is not in CGI-GAP-001. Included because a SaaS company ships third-party and open-source code under licence terms, and the inventory shows tools bought on personal expenses (CGI-VEN-013).",Not started,Held: CGI-POL-001 section 4.6.2 bans unlicensed software on devices (a fragment). Required: software licence register; open-source licence rule in CGI-POL-007.,Chief Technology Officer,-,-,-,30 Jun 2027,Legal / regulatory - NOT risk-based,0,N,-,ISO-11
A.5.33,Protection of records,Organizational,Y,"Missed by CGI-GAP-001, although CGI-POL-004 section 7 maps it. No retention standard exists for ISMS records or logs, and one Tier 1 vendor retains everything indefinitely.",Not started,"Held: retention periods by tier in CGI-POL-004 section 4.2, and two record-specific rules (CGI-POL-003 section 4.7.4; CGI-POL-005 section 5.7.5). These are fragments: no schedule covers ISMS records, logs or contracts. Required: records and retention schedule (ISMS records, logs, contracts).",Chief Technology Officer,R-003; VR-004,RS.AN,F-005 (Slack unlimited retention),31 Mar 2027,Risk + Maturity gap + Vendor finding,0,N,-,REC-07; ISO-08
A.5.34,Privacy and protection of PII,Organizational,Y,"Missed by CGI-GAP-001, although CGI is a GDPR processor for ~200 customers. Classification and breach duties exist, but there is no GDPR Article 30 record of processing and 6 vendors have no DPA.",Partial,Held: CGI-POL-004; CGI-POL-005 section 5.6.3. Required: GDPR Art. 30 record of processing; six DPAs; transfer register.,Chief Technology Officer,VR-001; VR-003; VR-006; R-003,GV.OC; PR.DS,F-001; F-004; O-001; KRI-V1 = 65%,31 Dec 2026,Risk + Maturity gap + Vendor finding,1,N,-,ISO-09
A.5.35,Independent review of information security,Organizational,Y,No independent review has ever taken place (GV.OV = 1). This assessment is internal and does not count.,Not started,Held: none. Required: independent internal audit report (ISO-12).,Chief Executive Officer,R-004; R-005,GV.OV,-,31 May 2027,Risk + Maturity gap,0,Y,GV.OV,ISO-12
A.5.36,"Compliance with policies, rules and standards for information security",Organizational,Y,No compliance check against policy has ever run. Acknowledgement is 60% and KRIs have never been reported.,Partial,Held: CGI-TRK-001. Required: quarterly compliance check minuted at the REC-10 review.,Chief Technology Officer,R-001; R-002,GV.PO; GV.OV,-,31 Mar 2027,Risk + Maturity gap,1,Y,GV.PO; GV.OV,REC-04; REC-10
A.5.37,Documented operating procedures,Organizational,Y,"Policies exist, but the procedures beneath them do not (GAP-017, GAP-020), and the planned runbook location shares AWS with the platform.",Partial,"Held: policy pack only. Required: runbooks, stored where they survive a platform outage.",IT Operations Manager,R-002; R-005; VR-002,GV.PO,"CGI-VEN-011 Notion holds runbooks: no DPA, public links enabled, AWS-hosted",30 Jun 2027,Risk + Maturity gap + Vendor finding,1,Y,GV.PO,REC-12
A.6.1,Screening,People,Y,"Missed by CGI-GAP-001. CGI-POL-003 joiner steps exist (a weak mapping kept from Project 1), but no proportionate screening procedure is evidenced.",Partial,Held: CGI-POL-003 joiner section. Required: screening procedure lawful under EU/German employment law; sample records.,Head of People and Operations,R-003,GV.RR,-,31 Mar 2027,Risk + Maturity gap,1,N,-,ISO-11
A.6.2,Terms and conditions of employment,People,Y,Missed by CGI-GAP-001. No evidence that employment or contractor terms state information security responsibilities.,Not started,Held: none. Required: contract clause referencing the ISMS policy and CGI-POL-001.,Head of People and Operations,R-003,GV.RR,-,31 Dec 2026,Risk + Maturity gap,0,N,-,ISO-11
A.6.3,"Information security awareness, education and training",People,Y,"Induction only, 60% complete, with no recurring or role-based training and no phishing simulation (CG-04, PR.AT = 1).",Partial,Held: CGI-POL-003 section 4.3.6; CGI-TRK-001. Required: annual curriculum; simulation results; AI-use module.,Head of People and Operations,R-001; VR-005; VR-006,PR.AT,VR-006: no staff instruction on CGI-POL-001 section 4.5 AI use,31 Mar 2027,Risk + Maturity gap + Vendor finding,1,Y,PR.AT,REC-09
A.6.4,Disciplinary process,People,Y,"Missed by CGI-GAP-001. No disciplinary procedure linked to policy breaches is on file, and unacknowledged policies are unenforceable (GAP-004).",Not started,Held: the sanction statement in each policy's Enforcement section (a fragment: there is no procedure behind it). Required: HR procedure referencing the CGI-POL pack.,Head of People and Operations,R-003; R-001,GV.PO,-,31 Dec 2026,Risk + Maturity gap,0,N,-,ISO-11
A.6.5,Responsibilities after termination or change of employment,People,Y,Missed by CGI-GAP-001. Leaver access removal is written; continuing confidentiality duties and vendor-account removal are not evidenced.,Partial,Held: CGI-POL-003 section 4.5.2. Required: leaver letter restating duties; vendor-account checklist.,Head of People and Operations,R-003; VR-008,PR.AA,F-003; VR-008,31 Dec 2026,Risk + Maturity gap + Vendor finding,1,N,-,ISO-11; REC-02
A.6.6,Confidentiality or non-disclosure agreements,People,Y,Missed by CGI-GAP-001. No signed confidentiality agreements are on file for staff or contractors.,Not started,"Held: none. Required: signed NDAs, reviewed annually (the control's own wording requires them documented).",Head of People and Operations,R-003; VR-003,GV.RR,-,31 Dec 2026,Risk + Maturity gap,0,N,-,ISO-11
A.6.7,Remote working,People,Y,"Missed by CGI-GAP-001. CGI-POL-001 section 4.4 (BYOD) is an approved remote-working rule set, but there is no device register behind it.",Partial,Held: CGI-POL-001 section 4.4. Required: endpoint register; remote-working compliance check.,IT Operations Manager,R-001; R-003,GV.PO; PR.AA,-,31 Mar 2027,Risk + Maturity gap,2,N,-,REC-05
A.6.8,Information security event reporting,People,Y,"CGI-POL-005 section 5.2 reporting channels are approved, but no event has been reported or rehearsed.",Partial,Held: CGI-POL-005 section 5.2. Required: incident register entries; tabletop record.,Chief Technology Officer,R-001; R-003; VR-004,PR.AT; RS.CO,F-002,30 Jun 2027,Risk + Maturity gap + Vendor finding,2,Y,PR.AT; RS.CO,REC-12
A.7.1,Physical security perimeters,Physical,Y,"No register risk covers physical intrusion, and physical security was out of CGI-GAP-001 scope. Applicable because the head office holds staff endpoints; enterprise questionnaires ask this (CGI asks it of vendors: VQ-64 to VQ-66). Candidate risk CR-03 is proposed rather than invented.",Not started,Held: none. Required: landlord security schedule (assumption ISO-A03).,IT Operations Manager,-,-,-,31 Mar 2027,Contractual / stakeholder - NOT risk-based,0,N,-,ISO-11
A.7.2,Physical entry,Physical,Y,As A.7.1. Building entry is assumed to be provided by the landlord and is not evidenced.,Not started,Held: none. Required: access badge process; visitor log.,IT Operations Manager,-,-,-,31 Mar 2027,Contractual / stakeholder - NOT risk-based,0,N,-,ISO-11
A.7.3,"Securing offices, rooms and facilities",Physical,Y,As A.7.1. The office is in scope as a place where Confidential information is handled on screen.,Not started,Held: none. Required: office security rules.,IT Operations Manager,-,-,-,31 Mar 2027,Contractual / stakeholder - NOT risk-based,0,N,-,ISO-11
A.7.4,Physical security monitoring,Physical,N,"EXCLUDED. There are no secure areas or on-premises information processing facilities: production runs in AWS, whose physical monitoring is assured through A.5.23 (VRA-2026-001). The serviced office holds only portable endpoints. Re-include if servers, network equipment or Confidential paper records are kept on site.",N/A - excluded,Held: VRA-2026-001 (AWS SOC 2 covers data-centre monitoring). Required: exclusion approved in SoA v1.0.,IT Operations Manager,-,-,-,N/A - re-evaluate at SoA review 30 Sep 2027,Excluded,,N,-,-
A.7.5,Protecting against physical and environmental threats,Physical,Y,No register risk covers this. It is applicable only to people and endpoints in the office (landlord fire and flood controls); production resilience is covered by A.5.23 and A.8.14.,Not started,Held: none. Required: landlord fire-safety confirmation.,IT Operations Manager,-,-,-,30 Jun 2027,Contractual / stakeholder - NOT risk-based,0,N,-,ISO-11
A.7.6,Working in secure areas,Physical,N,"EXCLUDED. No secure areas are defined, because there is no server or network room. Re-include if one is created.",N/A - excluded,Held: n/a. Required: exclusion approved in SoA v1.0.,IT Operations Manager,-,-,-,N/A - re-evaluate at SoA review 30 Sep 2027,Excluded,,N,-,-
A.7.7,Clear desk and clear screen,Physical,Y,"No register risk covers shoulder-surfing or unattended screens; included as a baseline expected by customers and auditors. The rule already exists: CGI-POL-001 sections 4.4.2 (automatic screen lock), 4.8.2 (no unattended Confidential printouts) and 4.9.3 (lock the device when stepping away), which CGI-POL-001 section 8 maps to A.7.7. It is approved but unevidenced, and 40% of staff have not acknowledged it.",Partial,"Held: CGI-POL-001 sections 4.4.2, 4.8.2 and 4.9.3. Required: 100% acknowledgement; screen-lock configuration evidence; clear-desk spot-check record.",Head of People and Operations,-,-,-,31 Dec 2026,Contractual / stakeholder - NOT risk-based,2,N,-,ISO-11; REC-04
A.7.8,Equipment siting and protection,Physical,Y,No register risk covers this. Applicable to endpoints in the office and at home; included on a baseline and stakeholder basis.,Not started,Held: none. Required: guidance within the remote-working rules.,IT Operations Manager,-,-,-,31 Mar 2027,Contractual / stakeholder - NOT risk-based,0,N,-,ISO-11
A.7.9,Security of assets off-premises,Physical,Y,"Relates to ID.AM (no endpoint register, score 1). CGI-POL-001 section 4.4 covers device use off-site. Candidate risk CR-01 (lost or stolen endpoint) is recommended for the register.",Partial,Held: CGI-POL-001 section 4.4. Required: endpoint register; full-disk encryption evidence.,IT Operations Manager,-,ID.AM,-,31 Mar 2027,Maturity gap,1,N,-,REC-05
A.7.10,Storage media,Physical,Y,"Missed by CGI-GAP-001. The CGI-POL-004 section 4.2 Handling Matrix governs removable media, and EXC-003 records an approved exception, so the rule is designed and exercised through the exception process.",Partial,Held: CGI-POL-004 section 4.2; EXC-003. Required: media usage record.,Chief Technology Officer,R-003,PR.DS,-,31 Mar 2027,Risk + Maturity gap,2,N,-,-
A.7.11,Supporting utilities,Physical,N,"EXCLUDED. No information processing facility is operated, so there are no utilities to protect. Power and cooling for production are AWS's responsibility, assured through A.5.23 (VRA-2026-001).",N/A - excluded,Held: VRA-2026-001. Required: exclusion approved in SoA v1.0.,IT Operations Manager,-,-,-,N/A - re-evaluate at SoA review 30 Sep 2027,Excluded,,N,-,-
A.7.12,Cabling security,Physical,N,"EXCLUDED. There is no on-premises network cabling carrying production data. Office connectivity is the landlord's shared service, and platform networking is covered by A.8.20 to A.8.22.",N/A - excluded,Held: n/a. Required: exclusion approved in SoA v1.0.,IT Operations Manager,-,-,-,N/A - re-evaluate at SoA review 30 Sep 2027,Excluded,,N,-,-
A.7.13,Equipment maintenance,Physical,Y,"No register risk covers this. Applicable to endpoints. The CGI-POL-001 section 4.4.3 patch rule is a software fragment, not maintenance, so it does not change the status.",Not started,Held: none. Required: endpoint maintenance and repair rule (data wiped before third-party repair).,IT Operations Manager,-,-,-,30 Jun 2027,Contractual / stakeholder - NOT risk-based,0,N,-,ISO-11
A.7.14,Secure disposal or re-use of equipment,Physical,Y,"Relates to ID.AM (asset lifecycle, score 1). GDPR Article 32 requires secure disposal of personal data on retired devices. No procedure exists.",Not started,Held: none. Required: wipe or destruction record per retired device.,IT Operations Manager,-,ID.AM,-,31 Mar 2027,Maturity gap + Legal,0,N,-,REC-05
A.8.1,User endpoint devices,Technological,Y,"CGI-POL-001 section 4.4 BYOD rules exist, but there is no register and no management tooling for the 50 staff devices (ID.AM = 1).",Partial,Held: CGI-POL-001 section 4.4. Required: endpoint register; encryption and screen-lock compliance report.,IT Operations Manager,R-001; R-002; R-003,ID.AM,-,31 Mar 2027,Risk + Maturity gap,1,Y,ID.AM,REC-05
A.8.2,Privileged access rights,Technological,Y,"CGI-POL-002 section 4.3.3 mandates phishing-resistant MFA for privileged accounts, but the CGI-POL-003 section 4.7.1 quarterly review has never run and the AWS root-account CUEC is unaccepted.",Partial,Held: CGI-POL-002 section 4.3.3. Required: privileged account list; quarterly review records; root MFA evidence.,IT Operations Manager,R-005; R-003; R-001,PR.AA,F-010 (root MFA and least-privilege CUECs),31 Dec 2026,Risk + Maturity gap + Vendor finding,2,Y,PR.AA,REC-02; VRA-2026-001 C1
A.8.3,Information access restriction,Technological,Y,"Missed by CGI-GAP-001, and the most important omission: R-004 is an application authorisation flaw, which is this control. No authorisation design standard or test exists (PR.PS = 0). CGI asks vendors for tenant isolation (VQ-24) that it cannot yet evidence itself.",Not started,Held: none. Required: authorisation and tenant-isolation design standard; test cases; REC-16 penetration test result.,Chief Technology Officer,R-004,PR.PS; PR.AA,-,31 Mar 2027,Risk + Maturity gap,0,N,-,REC-06; REC-16
A.8.4,Access to source code,Technological,Y,"Missed by CGI-GAP-001. CGI-POL-002 section 4.5.2 secret scanning is a recorded fragment, but repository access and write rights are uncontrolled. Kept at Not started to agree with PR.PS = 0.",Not started,Held: CGI-POL-002 section 4.5.2 (fragment). Required: repository access review; branch protection configuration export.,Chief Technology Officer,R-004,PR.PS,"CGI-VEN-002 GitHub: Tier 1, inherent 15 Critical, no branch protection on the CGI side",31 Mar 2027,Risk + Maturity gap + Vendor finding,0,N,-,REC-06
A.8.5,Secure authentication,Technological,Y,MFA is mandated and 80% enrolled; ACC-001 accepts SMS until 03 Mar 2027. This is a brakes control: it acts before the break-in.,Partial,Held: CGI-TRK-001 (80%). Required: 100% enrolment export; phishing-resistant MFA on all admins.,IT Operations Manager,R-001,PR.AA,F-003 (no SSO on Slack); F-010,31 Dec 2026,Risk + Maturity gap + Vendor finding,2,Y,PR.AA,REC-01
A.8.6,Capacity management,Technological,Y,"No register risk covers capacity exhaustion, and CGI-GAP-001 does not map it. Included because ~200 customers depend on platform availability (assumption ISO-A04); CGI already asks this of its own vendors (VQ-55). Candidate risk CR-02 is proposed rather than invented.",Not started,Held: none. Required: capacity monitoring thresholds; quarterly capacity review.,Chief Technology Officer,-,-,-,30 Jun 2027,Contractual / stakeholder - NOT risk-based,0,N,-,ISO-11
A.8.7,Protection against malware,Technological,Y,No anti-malware standard covers the 50 BYOD endpoints (GAP-020).,Not started,Held: CGI-POL-001 section 4.2.3 forbids disabling endpoint protection (a fragment: nothing requires it to be installed or checks that it is). Required: endpoint protection standard; coverage report.,IT Operations Manager,R-002; R-001,RS.MI,-,31 Mar 2027,Risk + Maturity gap,0,Y,RS.MI,ISO-11
A.8.8,Management of technical vulnerabilities,Technological,Y,"PR.PS = 0 and CG-02: no scanning, no remediation SLA, CGI-POL-008 unwritten. The endpoint patch rule (CGI-POL-001 section 4.4.3) is a fragment that does not cover the platform, so the status is Not started.",Not started,Held: CGI-POL-001 section 4.4.3 (fragment). Required: CGI-POL-008; authenticated scan reports; remediation tickets within SLA.,Chief Technology Officer,R-002; R-004,PR.PS; ID.RA,CG-02,31 Mar 2027,Risk + Maturity gap + Vendor finding,0,Y,ID.RA; PR.PS,REC-08
A.8.9,Configuration management,Technological,Y,CG-03: there is no AWS configuration baseline and no drift detection (PR.IR = 0). This is the documented reason R-005 stays High.,Not started,Held: none. Required: CIS AWS Foundations baseline; posture-monitoring reports.,IT Operations Manager,R-005; R-004,PR.PS; PR.IR,F-010; CG-03,30 Jun 2027,Risk + Maturity gap + Vendor finding,0,Y,PR.PS; PR.IR,REC-11
A.8.10,Information deletion,Technological,Y,"Deletion is designed for vendor exits (clause 12, VQ-73) but not for CGI's own systems: no retention or deletion schedule has been executed (GAP-012).",Partial,"Held: CGI-POL-004 section 4.2 retention limits and disposal methods (designed, never executed); CGI-TPR-001 clause 12. Required: retention and deletion schedule; deletion certificates.",Chief Technology Officer,R-003; VR-001; VR-006,PR.DS,F-005; clause 12 (certified deletion) in CGI-TPR-001 section 7.4,31 Mar 2027,Risk + Maturity gap + Vendor finding,1,Y,PR.DS,REC-17; ISO-08
A.8.11,Data masking,Technological,Y,There is no masking of customer data in logs or lower environments; Project 1's mapping to the Handling Matrix was weak and is not credited.,Not started,Held: none. Required: masking rule for logs and test data; Datadog scrubbing configuration.,Chief Technology Officer,R-003; VR-004,PR.DS,CGI-VEN-007 Datadog: log scrubbing rules not verified,30 Jun 2027,Risk + Maturity gap + Vendor finding,0,Y,PR.DS,ISO-11
A.8.12,Data leakage prevention,Technological,Y,CG-05: there is no data-loss prevention; monitoring is metadata-only.,Not started,"Held: CGI-POL-001 section 4.5.2, a behavioural rule against entering Confidential data into unapproved AI tools (a fragment, not leakage prevention). Required: egress and DLP rules on Google Workspace and GitHub; alert samples.",Chief Technology Officer,R-003,PR.DS; DE.CM,VR-006 (AI tools reading typed text),30 Sep 2027,Risk + Maturity gap + Vendor finding,0,Y,PR.DS; DE.CM,REC-17
A.8.13,Information backup,Technological,Y,"Seatbelt, not brakes: backup acts after the bang, limiting the impact of R-002 ransomware. Snapshots exist but have never been restored (CG-01), so no credit is taken.",Partial,Held: AWS snapshot configuration. Required: CGI-POL-006; dated restore test to a clean environment; six-monthly repeat.,IT Operations Manager,R-002; VR-002,PR.IR; RC.RP,F-013; VRA-2026-001 C4,15 Dec 2026,Risk + Maturity gap + Vendor finding,1,Y,PR.IR; RC.RP,REC-03
A.8.14,Redundancy of information processing facilities,Technological,Y,No redundancy design is documented for the platform. The status-page placement is a design-time fragment only.,Not started,Held: none. Required: availability architecture record (zones and regions); failover test.,Chief Technology Officer,R-002; VR-002,PR.IR,VR-002; CGI-VEN-017 deliberately hosted off AWS,30 Jun 2027,Risk + Maturity gap + Vendor finding,0,Y,PR.IR,ISO-11
A.8.15,Logging,Technological,Y,"Some logs exist ad hoc (application logs in Datadog), but organisation-wide CloudTrail is unverified and there is no central security log or retention (DE.CM = 1).",Partial,Held: Datadog APM (engineering use). Required: CloudTrail with validation; central log account; retention standard.,IT Operations Manager,R-003; R-005; VR-004,DE.CM; DE.AE; RS.AN,F-008; F-010 (CloudTrail CUEC); CGI-VEN-007 not a security log source,31 Mar 2027,Risk + Maturity gap + Vendor finding,1,Y,DE.CM; DE.AE; RS.AN,REC-07
A.8.16,Monitoring activities,Technological,Y,"There is no alerting on root use, IAM change, public S3 or mass download (GAP-015).",Not started,"Held: CGI-POL-001 section 4.10 monitoring notice (a fragment: it tells staff monitoring may occur, but no alert exists). Required: alert rules; alert-handling records.",IT Operations Manager,R-003; R-005,DE.CM; DE.AE,F-010,31 Mar 2027,Risk + Maturity gap + Vendor finding,0,Y,DE.CM; DE.AE,REC-07
A.8.17,Clock synchronization,Technological,Y,Missed by CGI-GAP-001. A supporting control: logs without a common time source cannot support A.5.28 investigations. The provider time source is assumed but not verified.,Not started,Held: none. Required: configuration evidence of a common time source.,IT Operations Manager,R-003; VR-004,DE.CM; RS.AN,-,31 Mar 2027,Risk + Maturity gap,0,N,-,REC-07
A.8.18,Use of privileged utility programs,Technological,Y,Missed by CGI-GAP-001. Administrative tooling with broad IAM rights is unrestricted and unrecorded.,Not started,Held: none. Required: list of privileged tools and who may use them.,IT Operations Manager,R-005; R-003,PR.AA,-,30 Jun 2027,Risk + Maturity gap,0,N,-,REC-11
A.8.19,Installation of software on operational systems,Technological,Y,Missed by CGI-GAP-001. Software reaches production with no controlled release process (PR.PS = 0).,Not started,Held: CGI-POL-001 section 4.6.2 (an endpoint software rule; a fragment that does not reach production). Required: release procedure in CGI-POL-007; deployment pipeline records.,Chief Technology Officer,R-004; R-002,PR.PS,-,31 Mar 2027,Risk + Maturity gap,0,N,-,REC-06
A.8.20,Networks security,Technological,Y,"There is no network security baseline (CG-03, PR.IR = 0).",Not started,Held: none. Required: security-group and VPC baseline; review record.,IT Operations Manager,R-005,PR.IR,-,30 Jun 2027,Risk + Maturity gap,0,Y,PR.IR,REC-11
A.8.21,Security of network services,Technological,Y,"Missed by CGI-GAP-001. Security requirements for the network services consumed (VPC, DNS, TLS endpoints) are not defined.",Not started,Held: none. Required: network service requirements; provider evidence mapped.,IT Operations Manager,R-005; VR-004,PR.IR,-,30 Jun 2027,Risk + Maturity gap,0,N,-,REC-11
A.8.22,Segregation of networks,Technological,Y,Segmentation is undocumented (GAP-014). The remediation stays at Q4 2027 in the risk treatment plan; the boundary documentation moves forward into ISO-02.,Not started,Held: none. Required: segmentation diagram; production access boundary.,IT Operations Manager,R-005; R-004,PR.IR,-,31 Dec 2027,Risk + Maturity gap,0,Y,PR.IR,REC-18 (split - see RC-04)
A.8.23,Web filtering,Technological,Y,Missed by CGI-GAP-001. There is no web filtering on BYOD endpoints; a DNS-filtering option is proposed.,Not started,Held: none. Required: filtering configuration; coverage report.,IT Operations Manager,R-001; R-002,PR.PS,-,30 Jun 2027,Risk + Maturity gap,0,N,-,ISO-11
A.8.24,Use of cryptography,Technological,Y,"Seatbelt control: it reduces the impact of a stolen copy (VR-004). There is no encryption standard (GAP-012). Server-side encryption does NOT reduce the impact of a public-bucket misconfiguration (R-005), because the service decrypts for any request the misconfiguration allows.",Not started,"Held: CGI-POL-004 section 4.2 says where encryption is required and CGI-POL-001 section 4.4.1 requires disk encryption on devices (fragments: no algorithms, TLS minimum or key management are defined). Required: cryptography standard (algorithms, TLS minimum, key management); KMS configuration.",Chief Technology Officer,VR-004; R-005,PR.DS,F-010 (encryption-management CUEC),31 Mar 2027,Risk + Maturity gap + Vendor finding,0,Y,PR.DS,ISO-11
A.8.25,Secure development life cycle,Technological,Y,PR.PS = 0 and CG-02: there is no secure development lifecycle and CGI-POL-007 is unwritten.,Not started,Held: none. Required: CGI-POL-007 approved; SDLC evidence per release.,Chief Technology Officer,R-004,PR.PS,CG-02,31 Mar 2027,Risk + Maturity gap + Vendor finding,0,Y,PR.PS,REC-06
A.8.26,Application security requirements,Technological,Y,"Missed by CGI-GAP-001. No application security requirements are defined for features, including authorisation rules.",Not started,Held: none. Required: requirements template; sample completed per feature.,Chief Technology Officer,R-004,PR.PS,-,31 Mar 2027,Risk + Maturity gap,0,N,-,REC-06
A.8.27,Secure system architecture and engineering principles,Technological,Y,Missed by CGI-GAP-001. No secure architecture principles are documented; concentration on one provider was found only by drawing the dependency graph.,Not started,Held: CGI-TPR-001 section 2.5 dependency graph. Required: architecture principles; design review records.,Chief Technology Officer,R-004; R-005; VR-002,PR.IR,VR-002 concentration,31 Dec 2027,Risk + Maturity gap + Vendor finding,0,N,-,REC-18; ISO-02
A.8.28,Secure coding,Technological,Y,"PR.PS = 0 and CG-02: there is no mandatory peer review, no branch protection and no coding standard. This is a brakes control: it stops the authorisation flaw being written in the first place.",Not started,Held: CGI-POL-002 section 4.5.2 secret scanning (a fragment). Required: coding standard; branch-protection export; review records.,Chief Technology Officer,R-004,PR.PS,CG-02,31 Mar 2027,Risk + Maturity gap + Vendor finding,0,Y,PR.PS,REC-06; REC-16
A.8.29,Security testing in development and acceptance,Technological,Y,PR.PS = 0 and CG-02: no SAST (static application security testing) and no penetration test.,Not started,Held: none. Required: SAST results in CI; annual penetration test report.,Chief Technology Officer,R-004,PR.PS,CG-02,30 Sep 2027,Risk + Maturity gap + Vendor finding,0,Y,PR.PS,REC-16
A.8.30,Outsourced development,Technological,N,EXCLUDED. All development is performed by CGI employees (assumption ISO-A02). Re-include before any contractor or agency writes code. Supplier assurance for development tools (GitHub) is covered by A.5.19 to A.5.22.,N/A - excluded,Held: n/a. Required: exclusion approved in SoA v1.0.,Chief Technology Officer,-,-,-,N/A - re-evaluate at SoA review 30 Sep 2027,Excluded,,N,-,-
A.8.31,"Separation of development, test and production environments",Technological,Y,"PR.PS = 0 and CG-02: there is no recorded separation of development, test and production.",Not started,Held: none. Required: environment diagram; access separation evidence.,Chief Technology Officer,R-004; R-003,PR.PS,-,31 Mar 2027,Risk + Maturity gap,0,Y,PR.PS,REC-06
A.8.32,Change management,Technological,Y,PR.PS = 0 and CG-02: there is no change management policy or approval record.,Not started,Held: none. Required: CGI-POL-007 change section; change records.,Chief Technology Officer,R-004; R-005,PR.PS,CG-02,31 Mar 2027,Risk + Maturity gap + Vendor finding,0,Y,PR.PS,REC-06
A.8.33,Test information,Technological,Y,Missed by CGI-GAP-001. There is no rule preventing production customer data being used in lower environments.,Not started,Held: none. Required: test-data rule; masked data set evidence.,Chief Technology Officer,R-003; R-004,PR.DS,-,31 Mar 2027,Risk + Maturity gap,0,N,-,REC-06
A.8.34,Protection of information systems during audit testing,Technological,Y,No register risk covers this. Included because the ISO-12 internal audit and the REC-16 penetration test will touch production; the rules must exist before either runs.,Not started,Held: none. Required: audit and test rules of engagement.,Chief Technology Officer,-,-,-,30 Jun 2027,Contractual / stakeholder - NOT risk-based,0,N,-,ISO-12; REC-16
