Ref ID,Function,Category,Category Description,Current State Observation,Evidence Source,Current Score (0-4),Target Score (0-4),Gap,Related Risk ID (CGI-RSK-001),Risk if Unaddressed,Priority (P1/P2/P3),Recommended Action,Est. Effort (S/M/L),Owner (Job Title),ISO 27001:2022 Annex A Mapping
GAP-001,GOVERN,GV.OC Organizational Context,"The circumstances - mission, stakeholder expectations, dependencies and legal, regulatory and contractual requirements - surrounding the organization's cybersecurity risk management decisions are understood.","Cypher Group Inc. has no standalone document recording its mission, stakeholder expectations or its legal and contractual obligations. The only place this context exists is as assumptions A-01 to A-06 inside CGI-RSK-001, which record ARR of approximately USD 3.6M, roughly 200 SMB customers and the company's status as a GDPR data processor for customer account data; those assumptions were written to calibrate impact bands, not to serve as a governance record, and they have never been reviewed or approved as one. CGI-POL-004 §4.1.4 establishes that no cardholder numbers are held (formalised as AVD-001), which is the single clearest piece of scoping the company has, but no equivalent statement exists for GDPR processor obligations or for customer contractual security commitments.",CGI-RSK-001 Assumptions A-01 to A-06; CGI-POL-004 §4.1.4; AVD-001,1,2,1,R-005,"Security decisions are made without an agreed view of what the business actually owes its customers and regulators, so scope is argued case by case and enterprise security questionnaires cannot be answered consistently.",P2,"Publish a one-page Organizational Context and Compliance Obligations Register naming GDPR processor duties, customer contractual security commitments and the AVD-001 scope exclusion; approve it at CEO level and review annually.",S,Chief Executive Officer,"A.5.1 Policies for information security; A.5.4 Management responsibilities; A.5.31 Legal, statutory, regulatory and contractual requirements"
GAP-002,GOVERN,GV.RM Risk Management Strategy,"The organization's priorities, constraints, risk tolerance and appetite statements, and assumptions are established, communicated and used to support operational risk decisions.","CGI-RSK-001 v1.0 establishes a documented NIST SP 800-30 Rev. 1 semi-quantitative 5x5 method with anchored likelihood and impact scales and published thresholds (Low 1-4, Medium 5-9, High 10-14, Critical 15-25), which is a genuine strategy artifact rather than an ad hoc exercise. However, no board- or CEO-approved risk appetite statement exists, so the thresholds describe how risk is measured but not how much of it Cypher Group Inc. has agreed to carry; the acceptance ACC-001 (SMS-based MFA exception, CTO-approved, expires 03 Mar 2027) was therefore approved against an undeclared appetite. The register also defines no executed re-assessment cadence - one cycle has been completed and none scheduled.",CGI-RSK-001 v1.0 § Methodology and Thresholds; ACC-001,2,3,1,"R-004, R-005","Risk acceptances are made by individuals against an undeclared tolerance, which is exactly how an organisation discovers after an incident that nobody formally decided anything.",P1,Add a CEO-approved risk appetite statement and a defined annual plus event-driven re-assessment cadence to CGI-RSK-001 v1.1; re-confirm ACC-001 against the stated appetite before its 03 Mar 2027 expiry.,S,Chief Executive Officer,A.5.1 Policies for information security; A.5.4 Management responsibilities (supports ISO 27001 Clause 6.1 risk planning)
GAP-003,GOVERN,"GV.RR Roles, Responsibilities and Authorities","Cybersecurity roles, responsibilities and authorities to foster accountability, performance assessment and continuous improvement are established and communicated.","Ownership is assigned at document level and is genuinely traceable: CGI-POL-001 is owned by the Head of People and Operations, CGI-POL-002 and CGI-POL-004 by the CTO, and every risk in CGI-RSK-001 carries a named business risk owner rather than a generic security owner. What does not exist is any security-specific role, any RACI covering the ten treatment actions TP-01 to TP-10, or any allocated security budget beyond the USD 32,100 year-one figure estimated in CGI-RSK-001, which was costed but never formally approved. Accountability therefore exists per artifact but not as an operating structure, and no individual holds day-to-day responsibility for the programme between projects.",CGI-POL-001 to CGI-POL-005 document control blocks; CGI-RSK-001 risk owner column; CGI-RSK-001 TP-01 to TP-10,2,3,1,R-003,"Controls have owners on paper but no one is accountable for the programme between assessments, so remediation stalls the moment the assessment ends.",P2,"Publish a security RACI covering all 22 CSF Categories and TP-01 to TP-10, formally assign the security programme lead duty to the CTO, and obtain CEO approval of the USD 32,100 year-one budget.",S,Chief Executive Officer,A.5.2 Information security roles and responsibilities; A.5.3 Segregation of duties; A.5.4 Management responsibilities
GAP-004,GOVERN,GV.PO Policy,"Organizational cybersecurity policy is established, communicated and enforced.","This is the company's strongest documented area and the direct output of Project 1: CGI-POL-001 to CGI-POL-005 v1.0 are written, approved by Jerry Olugboye and published, covering acceptable use, password and MFA, joiner-mover-leaver access control, data classification and incident reporting, with an Exception Register carrying EXC-001 to EXC-003. Enforcement is the gap, not authorship. CGI-TRK-001 evidences only 60% policy acknowledgement across 50 employees, meaning roughly 20 staff are bound by policies they have not read; the annual review cycle mandated in each policy's document control block has not yet run once, so no policy has a demonstrated review record. Three policies identified as necessary in CGI-RSK-001 - CGI-POL-006 Backup and Recovery, CGI-POL-007 Secure Development and Change Management and CGI-POL-008 Vulnerability Management - remain unwritten.",CGI-POL-001 to CGI-POL-005 v1.0; CGI-TRK-001 (60% acknowledged); EXC-001 to EXC-003; CGI-RSK-001 recommended policies,2,3,1,"R-001, R-002","An unacknowledged policy is unenforceable in a disciplinary process and worthless as audit evidence, so the entire Project 1 investment fails to convert into risk reduction.",P1,"Drive CGI-TRK-001 acknowledgement from 60% to 100% with an onboarding completion gate, execute and record the first annual review of all five policies, and publish CGI-POL-006, CGI-POL-007 and CGI-POL-008.",S,Chief Technology Officer,"A.5.1 Policies for information security; A.5.36 Compliance with policies, rules and standards; A.5.37 Documented operating procedures"
GAP-005,GOVERN,GV.OV Oversight,"Results of organization-wide cybersecurity risk management activities and performance are used to inform, improve and adjust the risk management strategy.","CGI-RSK-001 defines seven Key Risk Indicators with thresholds and named owners, which is the raw material for oversight, but not one of them has ever been measured or reported; no management review of the security programme has taken place, and no security item has appeared on a leadership agenda with minutes. The 52% inherent-to-residual risk reduction attributable to the Project 1 policy pack (aggregate 92 to 44, mean 18.4 to 8.8) is a strong, defensible performance figure that has never been presented to Jerry Olugboye, so leadership has no basis on which to adjust strategy or release the USD 32,100 budget.","CGI-RSK-001 KRI table (7 KRIs, unreported); no management review minutes on file",1,3,2,"R-004, R-005","Leadership cannot fund, redirect or defend a programme whose performance it never sees, so security investment competes on anecdote rather than evidence.",P2,"Establish a minuted quarterly security review with Jerry Olugboye reporting the seven CGI-RSK-001 KRIs, this maturity scorecard and TP-01 to TP-10 status; retain the minutes as the oversight evidence record.",S,Chief Executive Officer,"A.5.35 Independent review of information security; A.5.36 Compliance with policies, rules and standards (supports Clause 9.3 Management review)"
GAP-006,GOVERN,GV.SC Cybersecurity Supply Chain Risk Management,"Cyber supply chain risk management processes are identified, established, managed, monitored and improved by organizational stakeholders.","Nothing exists in this Category beyond two fragments. Cypher Group Inc. runs its production stack on five known third parties - AWS for hosting, GitHub for source code, Slack for communications, Google Workspace for email and documents and Stripe for payment metadata - and none has been security-assessed, none has a recorded assurance artifact such as a SOC 2 report or ISO 27001 certificate on file, and no data processing agreements are tracked in a register. CGI-POL-004 §4.2 Handling Matrix specifies how classified data must be handled but names no permitted or prohibited third-party destinations, so a Confidential record may be pasted into an unvetted SaaS tool without breaching any written rule. The two fragments are CGI-POL-001 §4.6.1, which requires CTO approval before any new third-party service is used, and CGI-POL-003 §4.6, which requires a named sponsor and an expiry date for third-party user access. Neither has an inventory, a tiering rule, an assessment method or an execution record behind it, so under the fragment rule in §3.1 the Category stays at 0. This Category is also entirely outside the scope of CGI-RSK-001, which assessed no supplier-originated scenario.",No vendor inventory on file; CGI-POL-004 §4.2 (no third-party destinations named); CGI-POL-001 §4.6.1 and CGI-POL-003 §4.6 (fragments only); CGI-RSK-001 scope statement,0,2,2,R-005,"A compromise at AWS, GitHub or Google Workspace would reach all customer data with no contractual remedy, no assessed control baseline and no notification pathway; enterprise buyers treat a missing vendor register as a hard fail.",P1,"Build a tiered vendor inventory covering AWS, GitHub, Slack, Google Workspace and Stripe with data classification exposure, collect each provider's assurance artifact and DPA, and add permitted third-party destinations to CGI-POL-004 §4.2. (Delivered as Project 4.)",M,Chief Technology Officer,"A.5.19 Information security in supplier relationships; A.5.20 Addressing information security within supplier agreements; A.5.21 Managing information security in the ICT supply chain; A.5.22 Monitoring, review and change management of supplier services; A.5.23 Information security for use of cloud services"
GAP-007,IDENTIFY,ID.AM Asset Management,"Assets - data, hardware, software, systems, facilities, services and people - that enable the organization to achieve business purposes are identified and managed consistent with their relative importance to organizational objectives and the organization's risk strategy.","CGI-POL-004 establishes a four-tier data classification scheme with a §4.2 Handling Matrix and a §4.1.3 aggregation rule, so Cypher Group Inc. knows what its data is worth in principle, but there is no inventory recording where any of it actually lives. No list exists of AWS accounts and their S3 buckets and RDS instances, GitHub repositories, Google Workspace shared drives, Slack channels or Stripe objects, and no endpoint register exists for the 50 staff devices governed by CGI-POL-001 §4.4 BYOD. The classification scheme is therefore unapplied: no asset carries a classification label, which means the Handling Matrix cannot be enforced or audited against anything.","CGI-POL-004 §4.1 to §4.2; CGI-POL-001 §4.4 (BYOD, no device register); no asset inventory on file",1,3,2,"R-003, R-005","You cannot protect, monitor, review access to or restore an asset you have not recorded; the absence of an inventory is the root blocker under access review, cloud hardening, monitoring and recovery alike.",P1,"Build an asset and SaaS inventory covering AWS accounts and data stores, GitHub repositories, Google Workspace shared drives, Slack workspaces, Stripe objects and staff endpoints, and apply a CGI-POL-004 classification label to every entry.",M,IT Operations Manager,A.5.9 Inventory of information and other associated assets; A.5.10 Acceptable use of information and other associated assets; A.5.12 Classification of information; A.5.13 Labelling of information; A.8.1 User endpoint devices
GAP-008,IDENTIFY,ID.RA Risk Assessment,"The cybersecurity risk to the organization, assets and individuals is understood by the organization.","This is the only Category at Cypher Group Inc. that demonstrates both design and operating effectiveness. CGI-RSK-001 v1.0 was performed end to end using NIST SP 800-30 Rev. 1, documents five scenarios (R-001 to R-005) in full threat-source to business-consequence form, records both inherent (20/20/12/20/20) and residual (6/8/6/12/12) scores, cites a specific CGI-POL clause for every mitigating control across more than 60 clause-level cross-references, applies all four treatment strategies including a formally documented acceptance and avoidance, and was approved by Jerry Olugboye. It is scored 3 rather than 4 because no metrics govern the process and because the identification input is incomplete: CSF Subcategory ID.RA-01 requires vulnerabilities in assets to be identified, and Cypher Group Inc. performs no vulnerability scanning of any kind (control gap CG-02), so the register's coverage rests on workshop judgement rather than on technical discovery.","CGI-RSK-001 v1.0 (approved, Jerry Olugboye); R-001 to R-005; CG-01 to CG-05; TP-01 to TP-10",3,3,0,"R-001, R-002, R-003, R-004, R-005","Coverage gaps persist: without vulnerability scanning the register can only contain risks a human thought of, so a technically discoverable exposure can sit outside the register indefinitely.",P2,"Maintain the annual and event-driven cadence, and feed authenticated vulnerability scan output into the next CGI-RSK-001 revision so that ID.RA-01 is satisfied by technical discovery rather than judgement alone.",S,Chief Technology Officer,A.5.7 Threat intelligence; A.8.8 Management of technical vulnerabilities (supports Clause 6.1.2 Information security risk assessment)
GAP-009,IDENTIFY,ID.IM Improvement,"Improvements to organizational cybersecurity risk management processes, procedures and activities are identified across all CSF Functions.","A forward-looking improvement plan exists in the form of treatment actions TP-01 to TP-10 in CGI-RSK-001, each with an owner and an estimated cost, which is more than most companies of this size have. The backward-looking loop is written only for incidents: CGI-POL-005 §5.7 requires a blameless post-incident review with tracked corrective actions and a decision on whether any policy needs amending, and §7.2 requires an annual tabletop exercise. Neither has ever run: no incident has been recorded, so no review or lessons-learned record exists, and no tabletop has been held. Outside incident response there is no written improvement loop at all, and nothing requires findings from assessments, red KRIs or expired exceptions in EXC-001 to EXC-003 to lead to a recorded change. Because the written clauses cover only the incident part of the Category and have never operated, the Category is scored down to 1 under §3.1. Improvement is currently something that happens when a project is commissioned, not something the organisation does.","CGI-RSK-001 TP-01 to TP-10; CGI-POL-005 §5.7 and §7.2 (written, never exercised); EXC-001 to EXC-003",1,2,1,R-002,The same failure recurs because nothing forces the organisation to learn from it; exceptions become permanent by default rather than by decision.,P3,"Run the first CGI-POL-005 §7.2 tabletop exercise and keep a written lessons-learned record, log every §5.7 post-incident review in the incident register, and add a rule that every expired exception in EXC-001 to EXC-003 and every red KRI produces a recorded improvement decision.",S,Chief Technology Officer,A.5.27 Learning from information security incidents (supports Clause 10.1 Continual improvement and Clause 10.2 Nonconformity and corrective action)
GAP-010,PROTECT,"PR.AA Identity Management, Authentication and Access Control","Access to physical and logical assets is limited to authorized users, services and hardware, and is managed commensurate with the assessed risk of unauthorized access.","The written control set here is strong and specific. CGI-POL-002 §4.3.3 mandates phishing-resistant MFA for privileged accounts, §4.3.5 prohibits SMS as a factor, and §4.5 governs service accounts and secrets, all aligned to NIST SP 800-63B-4; CGI-POL-003 §4.5.2 requires access revocation within four hours of a leaver event and §4.7.1 mandates a quarterly privileged access review. Operation is where it fails. CGI-TRK-001 evidences 80% MFA enrolment, leaving roughly ten accounts unprotected; ACC-001 formally accepts continued SMS-based MFA in direct tension with §4.3.5 until 03 Mar 2027; and CGI-TRK-001 evidences no completed quarterly privileged access review against the §4.7.1 mandate, so the control is documented but has never operated. The four-hour revocation SLA in §4.5.2 has likewise never been measured against an actual leaver event.","CGI-POL-002 §4.3.3, §4.3.5, §4.5; CGI-POL-003 §4.5.2, §4.7.1; CGI-TRK-001 (80% MFA, zero completed access reviews); ACC-001",2,3,1,"R-001, R-003","CGI-RSK-001 already discounts the residual 6 on R-001 for incomplete MFA coverage. Roughly ten unprotected accounts and an unexecuted privileged access review are what stop it falling to its target of 3, and each one is a live route to credential compromise.",P1,"Complete MFA enrolment to 100% and retire ACC-001 ahead of its 03 Mar 2027 expiry, then execute and evidence the first quarterly privileged access review required by CGI-POL-003 §4.7.1.",S,IT Operations Manager,A.5.15 Access control; A.5.16 Identity management; A.5.17 Authentication information; A.5.18 Access rights; A.8.2 Privileged access rights; A.8.5 Secure authentication
GAP-011,PROTECT,PR.AT Awareness and Training,The organization's personnel are provided with cybersecurity awareness and training so that they can perform their cybersecurity-related tasks.,"Awareness at Cypher Group Inc. is induction-only. CGI-POL-003 §4.3.6 requires security awareness induction within 10 business days of joining, and CGI-TRK-001 records 60% completion alongside 60% policy acknowledgement. Nothing follows the induction: there is no recurring curriculum, no role-specific training for engineers with production access, and no phishing simulation programme, which CGI-RSK-001 records as control gap CG-04. Because role-based training (PR.AT-02) is not performed at all and the induction mandate is only partly evidenced, the Category is scored down to 1. This undercuts the treatment of R-001, whose residual score of 6 is credited in part to user vigilance that has been trained once, at induction, and never tested. CGI-POL-001 §4.5 introduces AI usage controls, a genuinely current risk area, that no employee has received any instruction on.","CGI-POL-003 §4.3.6; CGI-TRK-001 (60% acknowledged, 60% induction training complete); CGI-RSK-001 CG-04; CGI-POL-001 §4.5",1,3,2,R-001,"Phishing is one of four scenarios at the register's highest inherent score (R-001, inherent 20), and its principal control is human judgement that has been trained once and never measured or tested.",P1,"Stand up an annual security awareness curriculum with an induction module and role-specific content for staff with production access, plus quarterly phishing simulations with click and report rates tracked in CGI-TRK-001 as a KRI.",M,Head of People and Operations,"A.6.3 Information security awareness, education and training; A.6.8 Information security event reporting"
GAP-012,PROTECT,PR.DS Data Security,"Data is managed consistent with the organization's risk strategy to protect the confidentiality, integrity and availability of information.","CGI-POL-004 gives Cypher Group Inc. a well-built classification foundation - four tiers, a §4.2 Handling Matrix, a §4.1.3 aggregation rule and the §4.1.4 decision to hold no cardholder numbers, formalised as the avoidance AVD-001, which is a genuine architectural risk reduction rather than a paper control. Beyond classification the Category is unimplemented: no encryption standard names required algorithms or key management for data at rest in AWS or in transit, no retention or secure deletion schedule has been executed, and no data loss prevention or egress monitoring exists on Google Workspace or GitHub, which CGI-RSK-001 records as control gap CG-05 and which is the reason R-003 retains a residual score of 6 despite the JML controls in CGI-POL-003.","CGI-POL-004 §4.1.3, §4.1.4, §4.2; AVD-001; CGI-RSK-001 CG-05",2,3,1,"R-003, R-005","Classified data can leave the organisation through an ordinary download or repository clone with no technical barrier and no record that it happened, making the insider scenario R-003 undetectable rather than merely unprevented.",P1,"Publish an encryption standard covering AWS data at rest and in transit with named algorithms and key management, define and execute a retention and secure deletion schedule, and deploy data egress monitoring on Google Workspace and GitHub.",M,Chief Technology Officer,A.5.12 Classification of information; A.5.14 Information transfer; A.8.10 Information deletion; A.8.11 Data masking; A.8.12 Data leakage prevention; A.8.24 Use of cryptography
GAP-013,PROTECT,PR.PS Platform Security,"The hardware, software and services of physical and virtual platforms are managed consistent with the organization's risk strategy to protect their confidentiality, integrity and availability.","This Category scores zero and shares the largest gap in the assessment with PR.IR. Cypher Group Inc. builds and ships a B2B SaaS product from GitHub to AWS with no secure development lifecycle whatsoever: no secure development or change management policy exists, CGI-POL-007 having been recommended in CGI-RSK-001 but never written; there is no mandatory peer code review, no branch protection on the repositories holding production code, no separation of development and production environments on record, and no application security testing. There is equally no vulnerability management for the platform: no scanning, no severity-based remediation SLA and no server configuration baseline, with CGI-POL-008 likewise recommended and unwritten. CGI-RSK-001 records both halves as control gap CG-02. Two fragments exist and were weighed: CGI-POL-001 §4.4.3 requires endpoint operating-system and browser patches within 14 days, and CGI-POL-002 §4.5.2 requires GitHub secret scanning and push protection. Neither governs how code is reviewed, tested or released, so under the fragment rule in §3.1 the Category stays at 0. The entire Project 1 policy pack contains no clause governing how code reaches production, which is precisely why R-004 remains at residual High.","CGI-RSK-001 CG-02; CGI-POL-007 and CGI-POL-008 recommended, not written; CGI-POL-001 §4.4.3 and CGI-POL-002 §4.5.2 (fragments only); no branch protection or scan evidence on file",0,3,3,"R-002, R-004","R-004 (production API authorisation flaw) stays at residual 12, High, after treatment because no control in the policy pack touches the code path; an authorisation defect can reach approximately 200 customers' data with nothing standing between the commit and production.",P1,Publish CGI-POL-007 and enforce GitHub branch protection with mandatory peer review and no direct commits to main; publish CGI-POL-008 and begin authenticated vulnerability scanning with severity-based remediation SLAs.,M,Chief Technology Officer,"A.8.8 Management of technical vulnerabilities; A.8.9 Configuration management; A.8.25 Secure development life cycle; A.8.28 Secure coding; A.8.29 Security testing in development and acceptance; A.8.31 Separation of development, test and production environments; A.8.32 Change management"
GAP-014,PROTECT,PR.IR Technology Infrastructure Resilience,"Security architectures are managed with the organization's risk strategy to protect asset confidentiality, integrity and availability, and organizational resilience.","This Category also scores zero. There is no documented AWS configuration baseline, no benchmark such as CIS AWS Foundations has been applied, no continuous cloud security posture monitoring is enabled, and no network segmentation or production access boundary is recorded anywhere - collectively control gap CG-03 in CGI-RSK-001. Backups exist as AWS native snapshots but no restore has ever been tested and no RTO or RPO has been declared, so the company holds a backup but has never demonstrated a recovery capability; CGI-POL-006 Backup and Recovery was recommended in CGI-RSK-001 and has not been written (control gap CG-01). No policy in the CGI-POL-001 to CGI-POL-005 pack addresses cloud configuration at all, which is the documented reason R-005 remains at residual High.","CGI-RSK-001 CG-01, CG-03; CGI-POL-006 recommended, not written; no CIS baseline or restore test evidence on file",0,3,3,"R-002, R-005","R-005 (AWS misconfiguration leading to public data exposure) stays at residual 12, High, after treatment; a single permissive S3 or security group change exposes customer data with no baseline to deviate from and no posture monitoring to catch it.",P1,Apply a CIS AWS Foundations Benchmark baseline and enable continuous posture monitoring; publish CGI-POL-006 with declared RTO and RPO and evidence a successful restore test; document network segmentation and production access boundaries.,M,IT Operations Manager,A.8.9 Configuration management; A.8.13 Information backup; A.8.14 Redundancy of information processing facilities; A.8.20 Networks security; A.8.22 Segregation of networks
GAP-015,DETECT,DE.CM Continuous Monitoring,"Assets are monitored to find anomalies, indicators of compromise and other potentially adverse events.","Cypher Group Inc. has established the legal right to monitor without building the ability to do so. CGI-POL-001 §4.10 contains a properly drafted monitoring notice giving the company a lawful basis to inspect activity on its systems, but no monitoring capability exists behind it: AWS CloudTrail coverage and log file validation are unverified across regions, there is no centralised security log destination (engineering uses Datadog, CGI-VEN-007, for application performance monitoring, but it is not configured or retained as a security log source), no alerting on root account usage or IAM policy changes, no endpoint detection on the 50 staff devices and no monitoring of data egress from Google Workspace or GitHub. CGI-RSK-001 records the cloud half of this as control gap CG-03 (no drift detection) and the data-egress half as CG-05, and together they are the reason both R-003 and R-005 retain elevated residual positions - neither insider exfiltration nor a cloud misconfiguration would be observed as it occurred.","CGI-POL-001 §4.10 (monitoring notice, no capability); CGI-RSK-001 CG-03, CG-05; no centralised logging on file",1,3,2,"R-003, R-005","The company would learn about a breach from a customer, a researcher or a regulator rather than from its own systems, which converts a containable incident into a disclosed one and starts the GDPR 72-hour clock from someone else's discovery.",P1,"Enable AWS CloudTrail organisation-wide with log file validation, centralise logs to a dedicated account with defined retention, and alert on root account usage, IAM policy change, public S3 exposure and mass data download.",M,IT Operations Manager,A.8.15 Logging; A.8.16 Monitoring activities; A.8.12 Data leakage prevention
GAP-016,DETECT,DE.AE Adverse Event Analysis,"Anomalies, indicators of compromise and other potentially adverse events are analyzed to characterize the events and detect cybersecurity incidents.","CGI-POL-005 provides the classification half of this Category properly: SEV1 to SEV4 severity bands are defined with criteria, so an event that is reported would be triaged consistently against a written standard. Everything upstream of that is absent. There is no correlation of events across AWS, GitHub, Google Workspace and Slack, no alert thresholds, no defined escalation from an alert to a declared incident, and because DE.CM produces no telemetry there is nothing to analyse in the first place. In practice the only detection route available to Cypher Group Inc. is a human noticing something and reporting it through the CGI-POL-005 channel.","CGI-POL-005 SEV1 to SEV4 definitions; CGI-RSK-001 CG-03, CG-05; no alerting or correlation on file",1,2,1,"R-001, R-003","Severity bands are meaningless without inputs to classify; incidents are characterised only after they have become visible for some other reason, by which point containment options have narrowed.",P2,"Define alert thresholds and a written escalation path from alert to declared incident mapped onto the CGI-POL-005 SEV1 to SEV4 bands, once centralised logging from the DE.CM action is in place.",S,IT Operations Manager,A.5.25 Assessment and decision on information security events; A.8.15 Logging; A.8.16 Monitoring activities
GAP-017,RESPOND,RS.MA Incident Management,Responses to detected cybersecurity incidents are managed.,"CGI-POL-005 is an approved incident reporting policy aligned to NIST SP 800-61 Rev. 3, defining SEV1 to SEV4 bands with acknowledgement and containment targets (§5.4), reporting channels (§5.2), named response roles (§4) and a staged response process (§5.5), and it is a real control rather than a placeholder. It has, however, never been exercised: no incident has been recorded, no tabletop or simulation has been run, the §4 roles have never been rehearsed, and no containment, eradication or recovery runbooks exist beneath the policy's one-line stage descriptions. None of the timing commitments - the §5.4 containment targets or the four-hour access revocation SLA in CGI-POL-003 §4.5.2 - has ever been tested. An untested response plan is a design-effectiveness control only.","CGI-POL-005 v1.0 (approved, never exercised); CGI-POL-003 §4.5.2; no incident or exercise records in CGI-TRK-001",2,3,1,"R-002, R-005","First contact with the plan happens during a real SEV1, when discovering that roles, authority to act and escalation contacts were never rehearsed costs hours that the GDPR 72-hour clock is already consuming.",P1,"Run a SEV1 tabletop exercise against CGI-POL-005 covering a ransomware and a cloud exposure scenario, rehearse the §4 response roles, and write containment and eradication runbooks for the top three scenarios in CGI-RSK-001.",S,Chief Technology Officer,A.5.24 Information security incident management planning and preparation; A.5.26 Response to information security incidents
GAP-018,RESPOND,RS.AN Incident Analysis,Investigations are conducted to ensure effective response and support forensics and recovery activities.,"Cypher Group Inc. currently has no ability to investigate an incident after the fact. CGI-POL-005 §5.3.2 forbids deleting evidence and §5.7.3 requires a root cause analysis, but there is no forensic readiness, no evidence collection or chain-of-custody procedure beneath those clauses, and critically no log retention standard, so even where logs exist they may be rotated away before an investigation begins - the same gaps (CG-03, CG-05) that block detection also block analysis. The analysis stage is written but cannot be performed as designed, which is why the Category is scored 1 rather than 2. Root cause determination would rest on the recollection of whoever was present. For a company processing customer account data under GDPR this also undermines the accuracy of any Article 33 notification, since the scope of a breach could not be established with evidence.","CGI-POL-005 §5.3.2, §5.7.3 (no collection procedure beneath them); CGI-RSK-001 CG-03, CG-05; no log retention standard on file",1,2,1,"R-003, R-004","Breach scope cannot be established, so the company must either under-report and risk regulatory sanction or over-report and damage roughly 200 customer relationships unnecessarily.",P2,"Add an evidence collection and chain-of-custody procedure to CGI-POL-005 and define a minimum log retention period of twelve months for authentication, administrative and data access events across AWS, GitHub and Google Workspace.",S,IT Operations Manager,A.5.27 Learning from information security incidents; A.5.28 Collection of evidence; A.8.15 Logging
GAP-019,RESPOND,RS.CO Incident Response Reporting and Communication,"Response activities are coordinated with internal and external stakeholders as required by laws, regulations or policies.","CGI-POL-005 §5.6.3 correctly captures the GDPR Article 33 obligation to notify the supervisory authority within 72 hours of becoming aware of a personal data breach, which is the single most consequential external commitment the company has made in writing. The policy also names the Head of Customer Success as Communications Lead (§4, §5.6.1), sets CEO escalation times by severity (§5.4) and a 72-hour default for customer notification (§5.6.2). The supporting machinery does not exist: there is no identified lead supervisory authority and no regulator contact record, no customer or regulator notification templates, no deputy for the Communications Lead, and the 72-hour path has never been rehearsed. The obligation is documented; the ability to meet it inside 72 hours is not evidenced.","CGI-POL-005 §4, §5.4, §5.6.1 to §5.6.3; no regulator contact record or notification templates on file",2,3,1,"R-005, R-003","A 72-hour statutory deadline that has never been rehearsed is routinely missed in practice, and a missed or inaccurate notification converts a security incident into a regulatory enforcement matter.",P1,"Identify and record the lead supervisory authority and contact route, produce customer and regulator notification templates, name a deputy for the Communications Lead, and rehearse the 72-hour path in the RS.MA tabletop.",S,Head of Customer Success,A.5.5 Contact with authorities; A.5.6 Contact with special interest groups; A.5.24 Information security incident management planning and preparation; A.6.8 Information security event reporting
GAP-020,RESPOND,RS.MI Incident Mitigation,Activities are performed to prevent expansion of an event and mitigate its effects.,"The one genuine containment capability Cypher Group Inc. has is the four-hour access revocation requirement in CGI-POL-003 §4.5.2, written for the leaver process rather than for incident response but usable in a credential compromise. CGI-POL-005 §5.5.1 names containment as a stage (disable accounts, rotate credentials, isolate systems) and CGI-POL-002 §4.5.3 requires a committed secret to be rotated, but nothing sits beneath those lines: there are no runbooks for isolating a compromised AWS resource, revoking active sessions or rotating credentials and secrets at speed, no anti-malware standard covering the 50 staff endpoints, and no pre-agreed authority for an engineer to take production action without approval during a live incident. Containment would therefore be improvised under pressure by whoever holds AWS credentials. The policy states what containment is but not how to do it, so the Category is scored down to 1.",CGI-POL-003 §4.5.2; CGI-POL-005 §5.5.1; CGI-POL-002 §4.5.3 (no rotation runbook); no containment runbooks on file,1,2,1,"R-001, R-002","Ransomware (R-002, inherent 20) and credential compromise (R-001, inherent 20) both spread on a timescale of minutes, and improvised containment during a live incident is how a contained event becomes a company-wide one.",P2,"Write containment runbooks for credential compromise, ransomware and cloud exposure covering session revocation, credential and secret rotation and resource isolation, and pre-authorise named engineers to act during a declared SEV1 without waiting for approval.",S,IT Operations Manager,A.5.26 Response to information security incidents; A.8.7 Protection against malware
GAP-021,RECOVER,RC.RP Incident Recovery Plan Execution,Restoration activities are performed to ensure operational availability of systems and services affected by cybersecurity incidents.,"Backups exist as AWS native snapshots, which is why this Category scores 1 rather than 0, but no restore has ever been tested, no recovery time objective or recovery point objective has been declared, no recovery plan document exists and no recovery roles have been assigned. CGI-POL-006 Backup and Recovery was identified as necessary in CGI-RSK-001 and has not been written, and the absence of tested recovery is control gap CG-01. An untested backup is not a recovery capability, it is an assumption - which is why CGI-RSK-001 deliberately gives R-002 no credit for backups and holds its residual impact at 4 until CG-01 is closed. This assessment reaches the same conclusion from the other direction.","CGI-RSK-001 CG-01 and R-002 residual rationale; CGI-POL-006 recommended, not written; no restore test record on file",1,3,2,R-002,"In a ransomware event the company would discover whether its backups restore at the worst possible moment, and an unrecoverable SaaS platform is an existential rather than a financial event for roughly 200 customers.",P1,"Perform and document a full restore test to a clean environment, publish CGI-POL-006 with declared RTO and RPO approved by Jerry Olugboye, and schedule the restore test to repeat every six months as a KRI.",S,IT Operations Manager,A.5.29 Information security during disruption; A.5.30 ICT readiness for business continuity; A.8.13 Information backup
GAP-022,RECOVER,RC.CO Incident Recovery Communication,Restoration activities are coordinated with internal and external parties.,"Nothing exists in this Category beyond a fragment. Cypher Group Inc. has no customer communication plan for a service disruption or breach, no status page or equivalent channel through which roughly 200 SMB customers could be informed of an outage and its resolution, no holding statements prepared, and no defined point at which recovery is declared complete and communicated. CGI-POL-005 makes the Head of Customer Success the Communications Lead for all external incident communication (§5.6.1) and sets a deadline for notifying customers of a breach (§5.6.2), but nothing addresses communicating recovery: progress updates, the all-clear, or what was done. Under the fragment rule in §3.1, a general communications owner does not lift the Category off 0.",CGI-POL-005 §5.6.1 to §5.6.3 (breach notification only - a fragment); no status page or customer communication plan on file,0,2,2,"R-002, R-005",Recovery that customers cannot see is commercially indistinguishable from continued outage; silence during an incident does more contract damage than the incident itself in an SMB SaaS base.,P2,"Produce a customer recovery communication pack with holding statements, a public status page, defined update intervals by severity, a named spokesperson and a written all-clear criterion owned by the Head of Customer Success.",S,Head of Customer Success,A.5.29 Information security during disruption; A.5.5 Contact with authorities; A.5.6 Contact with special interest groups
