CUEC ID,Area,Control the user entity must perform,Why CGI's control depends on it,Criteria supported
CUEC-01,Account administration,User entities are responsible for designating at least two administrators for their tenant and for keeping the designated administrator list current.,"Cypher Group Inc. acts on instructions from designated administrators only. If the list is stale, an instruction from a former administrator cannot be distinguished from a valid one.","CC6.2, CC6.3"
CUEC-02,Authentication,"User entities are responsible for enabling multi-factor authentication for all of their users, and for requiring phishing-resistant factors for their administrators.","The platform offers MFA; it does not force it. R-001 (phishing) lands on customer accounts through customer credentials, outside Cypher Group Inc.'s control.","CC6.1, CC6.2, CC6.6"
CUEC-03,Access review,User entities are responsible for reviewing their own users' access rights and roles at least quarterly and for removing access that is no longer required.,Cypher Group Inc. cannot know which of a customer's staff have left. Role assignment inside a tenant is a customer decision.,"CC6.2, CC6.3"
CUEC-04,"Joiner, mover, leaver","User entities are responsible for removing or disabling their users promptly when those users leave or change role, using the administrative console or the provisioning interface.",Deprovisioning is initiated by the customer. Cypher Group Inc. executes it; it does not trigger it.,"CC6.2, CC6.3"
CUEC-05,Log review,User entities are responsible for reviewing the tenant audit log made available to them and for reporting anomalies to Cypher Group Inc. support.,Detection of misuse by a customer's own users depends on someone who knows what normal looks like inside that tenant.,"CC7.2, CC7.3"
CUEC-06,Incident notification,"User entities are responsible for reporting suspected security incidents affecting their tenant to Cypher Group Inc. without undue delay, using the published channel.",The incident clock in CGI-POL-005 s5.6.3 (GDPR 72 hours) starts when Cypher Group Inc. becomes aware. A customer who delays reporting consumes that budget.,"CC7.3, CC7.4"
CUEC-07,Data classification and content,"User entities are responsible for determining what data they upload to the platform, and for not placing special categories of personal data, payment card numbers or regulated records in project content.","The platform is classified for customer account data, project content and limited personal data. It is not designed or assessed for special-category or cardholder data.","C1.1, CC6.7"
CUEC-08,Integrations and API keys,"User entities are responsible for authorising, storing and rotating their own API keys and third-party integrations, and for revoking them when no longer required.",A customer-issued key carries the customer's authorisation. Cypher Group Inc. honours it and cannot judge whether it is still wanted.,"CC6.1, CC6.6, CC9.2"
CUEC-09,Retention and deletion instructions,"User entities are responsible for issuing deletion or export instructions within their contractual window, and for retaining their own copies of exported data.",Deletion is performed on instruction. Retention beyond the platform is outside the system boundary.,C1.2
CUEC-10,Endpoint and network security,User entities are responsible for the security of the devices and networks their users use to reach the platform.,Session hijacking or credential theft on a customer endpoint is indistinguishable at the platform from legitimate use.,"CC6.1, CC6.6"
