Finding ID,Rating,Clause or control,Title,Detail,Workpaper,Owner (job title),Management response / corrective action,Due,Roadmap link
NC-01,Major,Clause 5.2,No information security policy at ISMS level,"Five approved topic-specific policies (CGI-POL-001 to -005) do not together satisfy clause 5.2 a) to d): none is appropriate to the purpose of the ISMS as a whole, provides a framework for setting objectives, or commits to continual improvement of the ISMS.",WP-03,Chief Executive Officer,Issue ISMS policy v1.0 meeting 5.2 a) to d); communicate and record acknowledgement.,2026-10-31,ISO-03
NC-02,Major,Clause 6.1.2 a),No risk acceptance criteria,"The risk assessment method is documented and has operated twice, but no risk acceptance criteria or appetite exist. ACC-001 and ACC-V01 are in force and were therefore accepted against nothing.",WP-05,Chief Executive Officer,Approve risk acceptance criteria and appetite; re-ratify ACC-001 and ACC-V01 against them.,2026-10-31,ISO-05 (= REC-13 pulled forward)
NC-03,Major,Clause 6.1.3 d)-f),SoA unapproved and residual risks unaccepted,"The Statement of Applicability exists in draft, is complete and traceable, and has not been approved. No single consolidated risk treatment plan exists, and the risk owners have not accepted the residual risk on R-004, R-005 or VR-004.",WP-06,Chief Executive Officer,Approve SoA v1.0 and one consolidated RTP; obtain signed residual acceptance for the three High residual risks.,2026-11-30,ISO-06
NC-04,Major,Clause 6.2,No information security objectives,"Fourteen key risk indicators exist. None carries a target, an owner, a timescale, a resourcing plan or an evaluation method, so none is an objective under 6.2 a) to j).",WP-07,Chief Technology Officer,"Set ISMS objectives built on the 14 KRIs, with targets, owners, dates and an evaluation method.",2026-11-30,ISO-07
NC-05,Major,Clause 7.2,No competence requirements or evidence,"No competence requirement is defined for any ISMS role and no documented evidence of competence is retained, as required by 7.2 d).",WP-08,Head of People and Operations,"Publish a role competence matrix; retain training, qualification and experience records.",2027-03-31,ISO-10
NC-06,Major,"Clause 9.2.1, 9.2.2",No internal audit programme and no internal audit performed,"No audit programme exists (frequency, methods, responsibilities, criteria, scope, reporting) and no internal audit had been conducted before this engagement. This engagement does not close the requirement: the auditor prepared the Statement of Applicability under test.",WP-13,Chief Executive Officer,Approve an internal audit programme; commission an independent internal audit covering clauses 4-10 and the applicable controls.,2027-05-31,ISO-12
NC-07,Major,"Clause 9.3.1, 9.3.2, 9.3.3",No management review has ever been held,Top management has never reviewed the ISMS. No agenda covers the 9.3.2 a) to g) inputs and no documented results or decisions exist.,WP-14,Chief Executive Officer,Hold management review #1 (Mar 2027) and #2 (Jun 2027) on an agenda covering 9.3.2 a) to g); minute the decisions.,2027-06-30,ISO-13 (extends REC-10)
NC-08,Major,Clause 10.2,No nonconformity and corrective action process,"No process or log exists for reacting to nonconformity, evaluating root cause, taking corrective action and reviewing its effectiveness. The exception register (EXC-001 to EXC-003) records approved deviations, which are a different object.",WP-15,Chief Technology Officer,Publish an NC and corrective action procedure; open the log with the 19 nonconformities in this report.,2026-12-31,ISO-08
NC-09,Major,"A.5.20, A.5.34; GDPR Art. 28",Six of seventeen vendors process data with no DPA,"Six vendors, 35% of the estate, process personal data on the organisation's behalf with no executed data processing agreement (KRI-V1 = 65%). Article 28(3) requires the agreement before processing begins and the processing is already happening, so the finding is independent of the SoA target date.",WP-19,Chief Technology Officer,Execute the six outstanding DPAs; build the GDPR Article 30 record of processing.,2026-10-31,ISO-09
NC-10,Minor,"Clause 4.1, 4.2",Context and interested parties not documented,Context survives only as six risk-register assumptions. No interested-parties register exists and the climate-change relevance decision required by Amd 1:2024 has never been made.,WP-01,Chief Executive Officer,"Approve a context, interested-parties and obligations register including the climate-change decision.",2026-10-31,ISO-01
NC-11,Minor,Clause 4.3,ISMS scope drafted but not approved,"The scope statement is complete and names interfaces and dependencies, but has not been approved by top management. This escalates to a major nonconformity if it is still unapproved at Stage 1.",WP-02,Chief Executive Officer,"Approve the ISMS scope and boundary, including the AWS shared-responsibility statement.",2026-10-31,ISO-02
NC-12,Minor,"Clause 5.1, 7.1",ISMS budget and time allocation unapproved,"The USD 32,100 year-one budget is costed in CGI-RSK-001 and has not been approved, and no staff time is allocated to the ISMS.",WP-03; WP-08,Chief Executive Officer,Approve the year-one budget and a named time allocation for ISMS work.,2026-10-31,ISO-03
NC-13,Minor,Clause 5.3,No ISMS lead assigned and no RACI,"Document owners exist, but nobody is assigned responsibility for ensuring the ISMS conforms to the standard or for reporting its performance to top management.",WP-03,Chief Executive Officer,Assign the ISMS lead in writing; publish the ISMS RACI across the SoA controls.,2026-10-31,ISO-04
NC-14,Minor,"Clause 6.1.1, 6.3","ISMS risks, opportunities and change planning absent","Risks and opportunities for the ISMS itself have never been determined, and there is no rule for making changes to the ISMS in a planned manner.",WP-04,Chief Technology Officer,Record ISMS risks and opportunities; add a change-planning step to the ISMS procedure.,2026-12-31,ISO-08
NC-15,Minor,"Clause 7.3; A.5.4, A.6.3",Forty per cent of staff have not acknowledged the policy pack,"CGI-TRK-001 shows 30 of 50 staff acknowledged. Approximately 20 people are bound by rules they have not read, and there is no recurring or role-based awareness programme.",WP-09; WP-16,Head of People and Operations,Drive acknowledgement to 100%; add a joiner acknowledgement gate; publish the annual curriculum.,2027-03-31,REC-04; REC-09
NC-16,Minor,Clause 7.5,No documented-information control procedure or register,"Individual documents carry control blocks. There is no procedure controlling creation, update, approval, distribution and retention, and no ISMS document register.",WP-10,Chief Technology Officer,Publish the document and record control procedure and the ISMS document register.,2026-12-31,ISO-08
NC-17,Minor,Clause 9.1,Monitoring defined but not performed or reported,"One of fourteen indicators has been measured once, as a by-product of the vendor programme. There is no monitoring programme, no analysis or evaluation step and no reporting route.",WP-12,Chief Technology Officer,Publish a quarterly monitoring report covering all 14 KRIs and the ISMS objectives.,2027-03-31,ISO-07; REC-10
NC-18,Minor,"Clause 4.4, 10.1",The ISMS does not yet operate as one system,"Policies, register, gap assessment, vendor programme and SoA exist as separate deliverables with no process map linking them and no improvement loop fed by audits, indicators, incidents and exceptions.",WP-02; WP-15,Chief Technology Officer,Publish an ISMS overview linking the clause 4-10 processes; open the improvement log.,2026-12-31,ISO-08
NC-19,Minor,Clause 7.4,No ISMS communication plan,"Policies are published and incident communications are defined, but nothing states what ISMS information is communicated, when, to whom, by whom and how.",WP-10,Chief Technology Officer,Publish the ISMS communication plan.,2026-12-31,ISO-08
OFI-01,OFI,"A.5.30, A.8.13 (CG-01)",Backups have never been restore-tested and no RTO or RPO is declared,"AWS snapshots are configured. No restore has been performed, no recovery objectives are declared and the data export path has never been exercised. The SoA target date is 15 Dec 2026 and has not passed, so this is not yet a nonconformity. It becomes one on 16 Dec 2026.",WP-21,IT Operations Manager,Approve CGI-POL-006 with RTO and RPO; evidence one restore to a clean environment (this is REC-03 and VRA-2026-001 C4 - run it once).,2026-12-15,REC-03; ISO-11
OFI-02,OFI,"CG-02, ten Annex A controls",The code path behind R-004 is unprotected,"Ten controls tested in WP-22 are Not started: no secure development lifecycle, no coding standard, no mandatory peer review, no branch protection, no scanning, no penetration test, no environment separation, no change record. SoA target dates of 31 Mar 2027 have not passed; this becomes a nonconformity on 01 Apr 2027.",WP-22,Chief Technology Officer,Approve CGI-POL-007 and CGI-POL-008; enable branch protection requiring a second reviewer; start authenticated scanning.,2027-03-31,REC-06; REC-08
OFI-03,OFI,"CG-03, A.8.9, A.8.20-A.8.22",No cloud configuration baseline or drift detection,"No baseline, no posture monitoring, no network security baseline and no documented segmentation. This is the documented reason R-005 remains High.",WP-23,IT Operations Manager,Implement a CIS AWS Foundations baseline with posture monitoring (Project 7 delivers this).,2027-06-30,REC-11
OFI-04,OFI,"CG-04, A.6.3",Awareness is induction-only,"No recurring curriculum, no role-based training, no phishing simulation and no module on the CGI-POL-001 s4.5 AI-use rules that two shadow-IT tools already breach.",WP-09,Head of People and Operations,Publish the annual curriculum with a phishing simulation and an AI-use module.,2027-03-31,REC-09
OFI-05,OFI,"CG-05, A.8.10-A.8.12",No data loss prevention and no retention execution,"Monitoring is metadata-only. Retention limits are designed in CGI-POL-004 and have never been executed, and no masking exists for logs or lower environments.",WP-24,Chief Technology Officer,Implement egress and DLP rules on Google Workspace and GitHub; execute the retention and deletion schedule.,2027-09-30,REC-17
OFI-06,OFI,Population completeness (IPE),"The joiner, mover and leaver population cannot be established","No joiner/leaver register and no archive of completed offboarding checklists exists, so the population for the four-hour revocation control could not be constructed or reconciled to an HR system of record. Five illustrative records in CGI-TRK-001 are not a population. Any future audit or SOC 2 examination will stop at the same point.",WP-09; WP-17,Head of People and Operations,Maintain a joiner/mover/leaver register reconciled monthly to the HR system; retain completed offboarding checklists.,2026-12-31,ISO-11; REC-02
OFI-07,OFI,A.5.23; VRA-2026-001 C1,Four AWS complementary user entity controls are unaccepted,"Organisation-wide CloudTrail with log file validation, MFA on the root account with restricted root use, least-privilege IAM with periodic review, and encryption management are all assumed by the provider's report and performed by nobody. If C1 is not met by 15 Dec 2026 the conditional pass lapses to Fail.",WP-18; WP-23,Chief Technology Officer,Sign the CUEC acceptance record naming four owners; publish the shared-responsibility statement.,2026-12-15,ISO-02; VRA-2026-001 C1
OFI-08,OFI,A.5.35; Clause 9.2.2 c),This engagement is not independent,"The auditor prepared CGI-ISO-001, including the Statement of Applicability tested in WP-06. Clause 9.2.2 c) requires auditor selection to ensure objectivity and impartiality. The limitation is declared in the audit plan and the affected workpapers are named.",WP-13,Chief Executive Officer,Appoint an auditor independent of the preparer for ISO-12; have the CEO review the WP-06 and WP-13 conclusions in the interim.,2027-03-31,ISO-12
OFI-09,OFI,A.5.22; VRA-2026-002,A Tier 1 vendor is operating in FAIL status with no risk acceptance,"Slack (CGI-VEN-004) scored 65% and failed on 15 Sep 2026. No CEO-approved, expiring risk acceptance on the ACC-001 pattern is on file. Re-assessment is due 15 Dec 2026.",WP-18,Chief Technology Officer,"Remediate to a pass, or record a CEO-approved expiring acceptance, before Stage 1.",2026-12-15,VRA-2026-002 R1-R8
OFI-10,OFI,SOC 2 CC2.3,No system description and no CUECs communicated to customers,"Approximately 200 customers have never been told which controls they must perform for the platform's controls to work. Nothing in ISO-01 to ISO-17 or REC-01 to REC-18 creates this artefact, because ISO 27001 does not require it.",WP-24,Chief Technology Officer,Approve the system description and the CUEC schedule (CGI-SOC-001 Part 3); publish the CUECs in the customer agreement and the trust page.,2027-06-30,SOC-02
OFI-11,OFI,SOC 2 CC3.3,Fraud has never been considered as a risk category,"CGI-RSK-001 covers phishing, ransomware, insider exfiltration, an authorisation flaw and cloud misconfiguration. It does not consider fraudulent reporting, misappropriation of assets or corruption. ISO/IEC 27001 Annex A has no fraud control, so no ISO action would ever surface this.",WP-05,Chief Executive Officer,"Add a fraud consideration to the next CGI-RSK-001 review, covering incentives, pressures, opportunities and rationalisations.",2027-03-31,SOC-04
OFI-12,OFI,SOC 2 A1 Availability,No service commitments are published,"No SLA, uptime target or recovery commitment exists (assumption ISO-A04). The Availability category asks whether the system is available 'as committed'; with no commitment there is nothing to test against.",WP-24,Chief Executive Officer,"Publish service commitments (uptime target, support response, recovery objectives) before any SOC 2 engagement includes Availability.",2027-06-30,SOC-05
OFI-13,OFI,Clause 8.3,Treatment actions are dated but unevidenced,"Wave 1 of the treatment plan is not yet due at the audit date, so non-completion is not a nonconformity. No status tracker with evidence per action exists, which will make the position untestable when the dates do pass.",WP-11,Chief Technology Officer,Open a treatment status tracker carrying evidence per action.,2026-12-31,ISO-06
OFI-14,OFI,"A.5.36, A.5.37",No compliance checking and no procedures beneath the policies,"No compliance check against policy has ever run, and the runbooks the policies rely on do not exist. The planned runbook location shares AWS with the platform it would be used to recover.",WP-16,Chief Technology Officer,Add a quarterly compliance check to the management review agenda; write runbooks and store them outside the platform's own dependency.,2027-06-30,REC-12
OFI-15,OFI,"A.5.18, A.8.2",No privileged access review has ever been performed,CGI-POL-003 s4.7.1 mandates a quarterly privileged access review. Zero have been performed. Four quarterly records are needed before a Stage 2 audit and before any SOC 2 Type II period.,WP-17,IT Operations Manager,Perform and retain the first quarterly privileged access review.,2026-12-31,REC-02
OFI-16,OFI,A.5.24-A.5.27,Incident response has never been exercised,"The plan is approved and complete on severity, roles and targets. No containment runbooks exist, no out-of-band channel is named, and no exercise has been held, so there is no evidence of operation at all.",WP-20,Chief Technology Officer,Run a SEV1 tabletop; record lessons learned; name an out-of-band channel.,2027-06-30,REC-12
OFI-17,OFI,A.5.3,Segregation of duties on the code path,Engineers can commit directly to production with no second person. This is the duty conflict behind R-004 and it is also the CC8.1 point of focus an examiner would test first.,WP-22,Chief Technology Officer,Publish a segregation-of-duties matrix; require a second reviewer in branch protection.,2027-03-31,REC-06
OFI-18,OFI,"A.5.9, A.8.1",No asset inventory and no endpoint register,"The 17-row vendor inventory is an input to an asset inventory and is frequently mistaken for one. Fifty BYOD endpoints are unregistered and unmanaged, and the four classification tiers have been applied to zero assets.",WP-24,IT Operations Manager,Build the asset and SaaS inventory with an owner and a classification per asset; register the 50 endpoints.,2027-03-31,REC-05
