Workpaper,Area,Audit criteria,Objective,Population,Population source and completeness,Sample size and method,Selection method,Test steps,Evidence inspected,Test of design,Test of operating effectiveness,Conclusion,Findings,Prepared by,Date,Reviewed by
WP-01,Clause 4.1-4.2 Context and interested parties,"ISO/IEC 27001:2022 clauses 4.1, 4.2 (incl. Amd 1:2024 climate-change consideration)",Determine whether internal and external issues and interested parties' requirements have been determined and are documented.,1 - the organisation's context determination,Single occurrence; no sampling applicable,1 (100%),Inspection of documented information; inquiry of the CEO,1. Request the documented context and issues statement. 2. Inspect for internal and external issues. 3. Inspect for the climate-change relevance decision required by Amd 1:2024. 4. Request the interested-parties register and the decision on which requirements the ISMS addresses.,CGI-RSK-001 v1.1 assumptions A-01 to A-06; CGI-POL-005 s5.6.3 (GDPR duty); CGI-TPR-001 vendor inventory,FAIL - no documented context statement exists; context survives only as six risk-register assumptions.,Not performed - design failed.,Context and interested parties are not documented. The climate-change relevance decision has never been made.,NC-10,O.S,2026-09-25,Jerry Olugboye (CEO) - see OFI-08
WP-02,Clause 4.3-4.4 Scope and the ISMS,"Clauses 4.3, 4.4","Determine whether the ISMS scope is documented and approved, and whether the ISMS operates as one system.",1 - the ISMS scope statement,Single occurrence; no sampling applicable,1 (100%),Inspection; inquiry of the CEO and CTO,1. Obtain the scope statement. 2. Verify interfaces and dependencies are considered (4.3 c). 3. Verify top-management approval. 4. Request an ISMS process map linking clauses 4-10.,CGI-ISO-001 s2.1 scope wording (draft); s2.2 boundary table; 17 vendor interfaces,"PARTIAL - the scope text is complete and names interfaces, but it is a draft.",FAIL - no approval record exists; no ISMS process map exists.,"Scope is drafted to an auditable standard but has not been approved by top management. The ISMS components (policies, register, gap assessment, vendor programme, SoA) do not yet operate as one system.",NC-11; NC-18,O.S,2026-09-25,Jerry Olugboye (CEO) - see OFI-08
WP-03,"Clause 5.1-5.3 Leadership, policy and roles","Clauses 5.1, 5.2, 5.3","Determine whether top management demonstrates leadership, whether an information security policy meeting 5.2 a)-d) exists, and whether ISMS roles are assigned.",6 documents expected (5 topic policies + 1 ISMS policy); 1 role assignment,CGI document register (does not exist); enumerated from CGI-POL-001 to -005,6 (100%),Inspection of approval blocks; inquiry of the CEO,1. Inspect each policy's approval record and approver. 2. Test for a top-level ISMS policy meeting 5.2 a) to d). 3. Request the approved ISMS budget. 4. Request the written assignment of ISMS conformance and reporting responsibility.,"CGI-POL-001 to -005 v1.0 approval blocks (CGI-POL-002 approver corrected to the CEO); CGI-RSK-001 year-one budget USD 32,100 (unapproved)",FAIL - no ISMS-level policy exists. Five topic-specific policies do not together meet 5.2 a) to d).,PARTIAL - approval of the five topic policies is evidenced; budget approval and role assignment are not.,"No information security policy exists at ISMS level. The USD 32,100 budget is costed but unapproved. Nobody is assigned responsibility for ISMS conformance or for reporting its performance to top management.",NC-01; NC-12; NC-13,O.S,2026-09-25,Jerry Olugboye (CEO) - see OFI-08
WP-04,"Clause 6.1.1 and 6.3 ISMS risks, opportunities and change planning","Clauses 6.1.1, 6.3",Determine whether risks and opportunities for the ISMS itself have been determined and whether ISMS changes are planned.,0 - no records exist,Confirmed by inquiry and by absence from the CGI document set,0,Inquiry; search of the document set,1. Request the ISMS risks and opportunities record. 2. Request evidence of planned ISMS changes.,"None. CGI-RSK-001 addresses information security risks, which are a different object from ISMS risks and opportunities.",FAIL - requirement absent.,Not performed - population zero.,"Neither requirement has ever been addressed. The register's 14 risks are information security risks, not ISMS risks and opportunities.",NC-14,O.S,2026-09-25,Jerry Olugboye (CEO) - see OFI-08
WP-05,Clause 6.1.2 Risk assessment process,Clause 6.1.2 a)-e),"Determine whether a documented risk assessment process exists, including risk acceptance criteria and criteria for performing assessments.","2 risk acceptances in force (ACC-001, ACC-V01); 1 documented method",CGI-RSK-001 v1.1 s4; CGI-TPR-001 s5.3,2 acceptances (100%) + 1 method (100%),Inspection; re-performance of two register scorings,"1. Inspect the documented method (NIST SP 800-30 Rev. 1 5x5, thresholds). 2. Test for risk acceptance criteria. 3. Trace ACC-001 and ACC-V01 to the criteria they were accepted against. 4. Re-perform the scoring of two risks. 5. Test whether fraud was considered (informs the SOC 2 overlay, CC3.3).","CGI-RSK-001 v1.1 methodology and thresholds (Low 1-4 / Medium 5-9 / High 10-14 / Critical 15-25); ACC-001 (SMS MFA, expires 03 Mar 2027); ACC-V01 (Calendly, expires 15 Sep 2028)",PARTIAL - the assessment and analysis method is documented and consistently applied. Acceptance criteria are absent.,FAIL - both acceptances in force were made against criteria that do not exist. Re-performance of two scorings agreed to the register.,"The method is sound and has operated twice (v1.0 and v1.1). No risk acceptance criteria exist, so neither acceptance in force can be shown to be within appetite. Fraud has never been considered as a risk category.",NC-02; OFI-11,O.S,2026-09-25,Jerry Olugboye (CEO) - see OFI-08
WP-06,Clause 6.1.3 Risk treatment and the Statement of Applicability,Clause 6.1.3 a)-f); SoA per 6.1.3 d),"Determine whether controls are determined by risk, compared with Annex A, recorded in an approved SoA, and whether residual risks are accepted by risk owners.","93 SoA rows (88 applicable, 5 excluded); 3 residual High risks","CGI-ISO-001 s3.8, complete and reconciled to 93 in Appendix A","15 of 88 applicable rows, stratified random (seed 20260925); 5 exclusions (100%); 3 High residual risks (100%)",Attribute testing by inspection and re-performance; stratified random selection with a documented seed,"1. Select 15 applicable rows stratified across A.5/A.6/A.7/A.8. 2. For each, trace risk ID -> control -> stated evidence and agree the status to the evidence. 3. Test all 5 exclusions for a justification that names what would reverse it. 4. Test for CEO approval of the SoA. 5. Test for risk-owner acceptance of R-004, R-005 and VR-004.",CGI-ISO-001 SoA v1.0 (draft); CGI-RSK-001 v1.1; CGI-TPR-001 findings F-001 to F-013,PASS - traceability holds on all 15 sampled rows; all 5 exclusions name a reversing condition.,FAIL - the SoA is unapproved and no residual-risk acceptance exists for the three High residual risks.,"The SoA is complete, traceable and honest (0 Implemented, 45 Partial, 43 Not started). It has not been approved, no consolidated risk treatment plan exists, and the risk owners have not accepted the residual risk on R-004, R-005 or VR-004.",NC-03,O.S,2026-09-25,Jerry Olugboye (CEO) - see OFI-08
WP-07,Clause 6.2 Information security objectives,Clause 6.2 a)-j),"Determine whether measurable information security objectives are established, monitored and communicated.",0 objectives; 14 KRIs exist and were tested for objective characteristics,CGI-RSK-001 v1.1 KRI schedule,14 KRIs (100%),Inspection against the 6.2 characteristics,"1. Request documented objectives. 2. Test each of the 14 KRIs against 6.2 a) to j): measurable, monitored, communicated, with a plan, resources, responsibility, timescale and evaluation.",CGI-RSK-001 v1.1 KRI-01 to KRI-07 and KRI-V1 to KRI-V7,"FAIL - no objectives exist. None of the 14 KRIs carries a target, an owner, a timescale or an evaluation method, so none is an objective.",Not performed - population zero.,"Indicators have been mistaken for objectives. An indicator reports a number; an objective states the number you intend to reach, by when and who owns it.",NC-04,O.S,2026-09-25,Jerry Olugboye (CEO) - see OFI-08
WP-08,Clause 7.1-7.2 Resources and competence,"Clauses 7.1, 7.2 a)-d)","Determine whether resources are provided and whether competence is determined, achieved and evidenced.",6 named ISMS-relevant roles (CGI-ISO-001 role cast),CGI-ISO-001 s2.2 and the fictional role cast,6 (100%),Inquiry; inspection of personnel records,"1. Request the approved ISMS budget and time allocation. 2. For each role, request the competence requirement and the evidence of competence (qualification, training or experience record).",None on file for competence. Budget estimated in CGI-RSK-001 but unapproved.,FAIL - no competence requirements exist for any ISMS role.,Not performed - design failed.,No competence requirements and no documented evidence of competence exist for any role. Clause 7.2 d) requires the evidence to be retained.,NC-05; NC-12,O.S,2026-09-25,Jerry Olugboye (CEO) - see OFI-08
WP-09,Clause 7.3 and A.6.3 Awareness and training,Clause 7.3 a)-c); A.6.3,"Determine whether all persons doing work under the organisation's control are aware of the policy, their contribution and the implications of non-conformance.",50 employees,Company headcount per the scenario baseline; CGI-TRK-001 holds a five-person illustrative sample only,"Intended 10 (random, seed 20260925). Actual 5 - the population record does not support a larger draw",Attribute testing; random selection; inspection of acknowledgement records,1. Obtain the acknowledgement population from CGI-TRK-001. 2. Test completeness and accuracy of that population against the HR system of record. 3. Select 10 at random. 4. Inspect each acknowledgement date and the training record behind it.,"CGI-TRK-001: 60% acknowledged (30 of 50), 80% MFA enrolled (40 of 50); five-person illustrative sample; CGI-POL-003 s4.3.6 induction",PARTIAL - induction awareness is designed. No recurring or role-based curriculum exists (CG-04).,"FAIL - 20 of 50 staff have not acknowledged the policy pack. The tracker holds per-person detail for five people only, so the population could not be tested for completeness.","40% of staff are bound by rules they have not acknowledged. The acknowledgement population is itself unverifiable, which is an information-produced-by-the-entity limitation recorded separately.",NC-15; OFI-04; OFI-06,O.S,2026-09-25,Jerry Olugboye (CEO) - see OFI-08
WP-10,Clause 7.4-7.5 Communication and documented information,"Clauses 7.4, 7.5.1-7.5.3",Determine whether ISMS communication is planned and whether documented information is controlled.,27 mandatory documented-information items,CGI-ISO-001 Part 5 checklist DI-01 to DI-27,27 (100%),Inspection against the control requirements of 7.5.3,"1. Request the ISMS communication plan. 2. For each of the 27 items, test availability, version control, approval and retention. 3. Request the document and record control procedure and the document register.","CGI-POL-001 to -005 document control blocks (version, owner, review date); CGI-ISO-001 Part 5",PARTIAL - individual documents carry control blocks. There is no procedure and no register above them.,"FAIL - 4 Have, 11 Partial, 12 Missing of 27. No communication plan exists.","Document control exists per document but not as a system. No ISMS communication plan defines what is communicated, when, to whom or how.",NC-16; NC-19,O.S,2026-09-25,Jerry Olugboye (CEO) - see OFI-08
WP-11,"Clause 8.1-8.3 Operational planning, risk assessment and treatment performance","Clauses 8.1, 8.2, 8.3","Determine whether processes are planned and controlled, whether risk assessments are performed and retained, and whether the risk treatment plan is implemented.",2 risk assessment runs; 10 treatment actions TP-01 to TP-10; 17 externally provided services,CGI-RSK-001 v1.0 and v1.1; CGI-RSK-001 s5 treatment plan; CGI-TPR-001 inventory,2 assessment runs (100%); 10 treatment actions (100%); 5 of 17 vendors (Tier 1 judgemental),Inspection; re-performance of the aggregate risk arithmetic,"1. Inspect both assessment runs for retained results. 2. Re-perform the v1.1 aggregate arithmetic (213 inherent, 122 residual, 43% reduction, mean 8.71). 3. Test each TP action for status and evidence. 4. Test control of externally provided processes against CGI-TPR-001 Gates A-C.",CGI-RSK-001 v1.0 (5 risks) and v1.1 (14 risks); CGI-TPR-001 workflow; CG-06 closed,PASS for 8.2 - the process is defined and has been performed on schedule and on change.,PASS for 8.2 - results retained and arithmetic re-performed without exception. PARTIAL for 8.1 and 8.3 - Wave 1 treatment actions are not yet due.,"Clause 8.2 is the only requirement in clauses 4-10 fully met. Treatment actions are dated but not yet due at the audit date, so their non-completion is not a nonconformity.",OFI-13,O.S,2026-09-25,Jerry Olugboye (CEO) - see OFI-08
WP-12,"Clause 9.1 Monitoring, measurement, analysis and evaluation",Clause 9.1 a)-f),"Determine what is monitored and measured, by what methods, when, by whom, and whether results are analysed, evaluated and retained.",14 KRIs,CGI-RSK-001 v1.1 (7 original + 7 vendor KRIs),14 (100%),Inspection; inquiry of the CTO,"1. For each KRI, test whether it has been measured, when, by whom and where the result is retained. 2. Request the monitoring programme and the reporting route.",KRI-V1 measured once at 65% (6 of 17 vendors without a DPA). No other KRI has ever been measured.,PARTIAL - indicators are defined with thresholds.,FAIL - 1 of 14 measured once; 13 never measured; no results reported to anybody.,"Measurement has occurred once, as a by-product of the vendor programme, and has never been reported. There is no monitoring programme and no analysis or evaluation step.",NC-17,O.S,2026-09-25,Jerry Olugboye (CEO) - see OFI-08
WP-13,"Clause 9.2 Internal audit, and A.5.35 independent review","Clauses 9.2.1, 9.2.2; A.5.35",Determine whether an internal audit programme exists and whether internal audits are conducted at planned intervals by objective and impartial auditors.,0 internal audits before this engagement; 0 audit programmes,Inquiry of the CEO; absence from the document set,0,Inquiry; search of the document set; self-assessment of this engagement's independence,"1. Request the audit programme (frequency, methods, responsibilities, criteria, scope, reporting). 2. Request prior audit reports. 3. Assess the independence of the present engagement against 9.2.2 c).","None. This engagement, CGI-IAU-001, is the first.",FAIL - no audit programme exists.,FAIL - no audit had ever been performed. This engagement does not close the requirement because the auditor prepared CGI-ISO-001 and is therefore auditing their own work.,"Clause 9.2 is wholly unmet. This dry run gives the organisation the method and the workpapers, not the conformity: the same person prepared the Statement of Applicability under test.",NC-06; OFI-08,O.S,2026-09-25,Jerry Olugboye (CEO) - see OFI-08
WP-14,Clause 9.3 Management review,"Clauses 9.3.1, 9.3.2 a)-g), 9.3.3","Determine whether top management reviews the ISMS at planned intervals, using the required inputs, with documented results.",0 management reviews,Inquiry of the CEO; CGI-GAP-001 GAP-005 records that no security item has reached a leadership agenda,0,Inquiry; inspection of leadership meeting records,1. Request minutes of any management review. 2. Test any leadership agenda for the 9.3.2 a) to g) inputs. 3. Request documented results and decisions.,"None. CGI-GAP-001 REC-10 proposes a quarterly security review from Q1 2027, with an agenda that omits several 9.3.2 inputs.",FAIL - requirement absent.,Not performed - population zero.,"No management review has ever been held. The planned REC-10 forum is not yet a clause 9.3 review: its agenda covers KRIs, the scorecard and treatment status, and omits several required inputs.",NC-07,O.S,2026-09-25,Jerry Olugboye (CEO) - see OFI-08
WP-15,"Clause 10.1-10.2 Improvement, nonconformity and corrective action","Clauses 10.1, 10.2 a)-g)","Determine whether nonconformities are reacted to, root causes evaluated, corrective actions taken and their effectiveness reviewed, with records retained.",3 policy exceptions (EXC-001 to EXC-003); 0 nonconformity records,CGI-POL-001 exception register; absence of an NC log,3 exceptions (100%),Inspection; inquiry,1. Request the nonconformity and corrective action log. 2. Test whether the exception register functions as one. 3. Request the improvement log.,EXC-001 to EXC-003; CGI-POL-005 s5.7 incident corrective actions (scope limited to incidents),FAIL - no nonconformity and corrective action process exists.,"FAIL - the exception register records approved deviations, not nonconformities, and carries no root-cause or effectiveness step.",An approved exception is a decision to depart from a rule. A nonconformity is a failure to meet a requirement. The organisation has a register for the first and none for the second.,NC-08; NC-18,O.S,2026-09-25,Jerry Olugboye (CEO) - see OFI-08
WP-16,"A.5.1, A.5.4, A.5.36, A.5.37 Policy framework and compliance","Annex A controls A.5.1, A.5.4, A.5.36, A.5.37","Determine whether topic-specific policies are approved, communicated, reviewed and complied with, and whether operating procedures exist beneath them.",5 approved policies; 0 compliance checks; 0 documented operating procedures,CGI-POL-001 to -005; CGI-TRK-001,5 policies (100%),Inspection of approval and review records; inquiry,"1. Test each policy for approval, owner, version and review date. 2. Request the first annual review record. 3. Request compliance-check records against policy. 4. Request the runbooks named in the policies.","CGI-POL-001 to -005 v1.0, all approved with document control blocks; no annual review has fallen due; no runbooks exist",PASS for approval and ownership; FAIL for compliance checking and operating procedures.,FAIL - no compliance check against policy has ever been performed; no procedures exist beneath the policies.,"The policy layer is genuinely strong and is the best-evidenced part of the ISMS. Nothing beneath it has been built, and nothing above it checks it.",NC-15; OFI-14,O.S,2026-09-25,Jerry Olugboye (CEO) - see OFI-08
WP-17,"A.5.15-A.5.18, A.6.5, A.8.2, A.8.5 Access control lifecycle","Annex A controls A.5.15, A.5.16, A.5.17, A.5.18, A.6.5, A.8.2, A.8.5; CGI-POL-003 s4.5.2 (four-hour revocation) and s4.7.1 (quarterly privileged review)","Determine whether access is granted, reviewed and revoked in accordance with the approved policy.","Joiners, movers and leavers in the 12 months to 25 Sep 2026: NOT DETERMINABLE. Quarterly privileged access reviews: 0. MFA enrolment: 50 staff.",No joiner/leaver register or completed offboarding checklist archive exists. CGI-TRK-001 holds five illustrative staff records. The population could not be reconciled to an HR system of record.,"5 staff records (100% of the records that exist); 0 privileged reviews; 50 staff for MFA enrolment (100%, in aggregate only)",Attribute testing by inspection; population completeness testing (C&A / IPE),1. Obtain the joiner/mover/leaver population and reconcile it to HR records. 2. Select leavers and test revocation against the four-hour SLA. 3. Test all quarterly privileged access reviews in the period. 4. Test MFA enrolment against the 100% requirement and against ACC-001.,"CGI-POL-003 v1.0; CGI-TRK-001 (80% MFA enrolled); ACC-001 accepting SMS MFA until 03 Mar 2027; CGI-TPR-001 F-003 (no SCIM on Slack, manual leaver removal); one account (Lena Fischer) correctly not yet created under CGI-POL-003 s4.3.3",PARTIAL - CGI-POL-003 is an approved and complete access control design. It cannot be met on the four non-federated vendors (F-003).,NOT PERFORMED for joiners/movers/leavers - the population could not be established. FAIL for privileged access review - zero reviews in the period against a quarterly requirement. FAIL for MFA - 10 of 50 not enrolled.,"The most important result in this audit is a negative one: the leaver population cannot be established, so the four-hour revocation control cannot be tested at all. An untestable control is not a passing control.",OFI-06; OFI-15,O.S,2026-09-25,Jerry Olugboye (CEO) - see OFI-08
WP-18,A.5.19-A.5.23 Supplier relationships and cloud services,"Annex A controls A.5.19, A.5.20, A.5.21, A.5.22, A.5.23","Determine whether supplier security requirements are defined, agreed, monitored and reviewed on the defined cadence.","17 vendors (Tier 1 = 7, Tier 2 = 6, Tier 3 = 4); 3 completed assessments; 0 scheduled reviews performed","CGI-TPR-001 inventory CGI-VEN-001 to -017, reconciled to architecture, 12 months of finance transactions and IdP OAuth grants","11 of 17: all 7 Tier 1 (100%), 3 of 6 Tier 2 (random, seed 20260925), 1 of 4 Tier 3 (random)","Attribute testing; stratified selection, census of the highest tier","1. Test each sampled vendor for tier, assessment, DPA, assurance artifact and review date. 2. Test the review cadence (12/18/24 months) for reviews actually performed. 3. Test the AWS CUEC acceptance record. 4. Test the sub-processor change feed subscription.","CGI-TPR-001 v1.0; CGI-TPR-002 (74 questions, 16 domains); VRA-2026-001 AWS PASS WITH CONDITIONS 89%; VRA-2026-002 Slack FAIL 65%; VRA-2026-003 Calendly ACCEPTED 92%; findings F-001 to F-013","PASS - the programme is designed, owned and communicated: tiering model, questionnaire, onboarding gates, 18-clause contract checklist, review cadence.",FAIL - zero scheduled reviews have been performed; the first Tier 1 re-reviews fall due Sep 2027. The four AWS CUECs are unaccepted. No sub-processor change feed is subscribed. Slack has operated in FAIL status since 15 Sep 2026 with no expiring risk acceptance on file.,"Designed, not cycled. This is the clearest example in the ISMS of the difference between a control that exists and a control that operates.",OFI-07; OFI-09,O.S,2026-09-25,Jerry Olugboye (CEO) - see OFI-08
WP-19,"A.5.20, A.5.34 Data processing agreements and protection of PII","Annex A controls A.5.20, A.5.34; GDPR Articles 28 and 30 as a legal requirement identified under clause 4.2","Determine whether every vendor processing personal data on the organisation's behalf is bound by a written data processing agreement, and whether a record of processing activities exists.",17 vendors,CGI-TPR-001 inventory; KRI-V1 measurement of 15 Sep 2026,"17 (100%) - population below 25, tested in full",Attribute testing by inspection of executed agreements,"1. For each of the 17 vendors, inspect for an executed DPA. 2. Test whether personal data is in fact processed. 3. Request the GDPR Article 30 record of processing activities. 4. Test for a transfer register covering non-EEA processing.","11 executed DPAs; 6 vendors with none (KRI-V1 = 65%); CGI-TPR-001 F-001 (Slack: no DPA, US-hosted), F-004, O-001; no Article 30 record exists",PARTIAL - CGI-TPR-001 Gate B forbids onboarding without a DPA. The gate was built after the six were onboarded.,"FAIL - 6 of 17 vendors, 35% of the estate, process data with no data processing agreement.","This is a present-tense legal non-compliance, not a future roadmap item. GDPR Article 28(3) requires the agreement to be in place before processing begins; the processing is already happening. The finding does not depend on the SoA target date of 31 October 2026.",NC-09,O.S,2026-09-25,Jerry Olugboye (CEO) - see OFI-08
WP-20,"A.5.24-A.5.28, A.6.8 Incident management","Annex A controls A.5.24, A.5.25, A.5.26, A.5.27, A.5.28, A.6.8","Determine whether incident management is planned, whether events are assessed and responded to, and whether lessons are learned.",0 incidents recorded in the period; 0 exercises; 0 lessons-learned records,Inquiry; no incident register entries exist,0 incidents; 1 plan (100%),Inspection of the plan; walkthrough with the CTO; inquiry,"1. Inspect CGI-POL-005 for severity bands, roles, targets and reporting channels. 2. Walk through a hypothetical SEV1 with the CTO. 3. Request incident register entries. 4. Request the tabletop exercise record and lessons learned.","CGI-POL-005 v1.0 with SEV1-SEV4, s5.2 reporting channels, s5.5 response stages, s5.6.3 GDPR 72-hour duty, s5.7 review; CGI-TPR-001 F-002 (no vendor breach-notification clause), F-008 (no tenant audit log on Slack)","PASS with exceptions - the plan is approved and complete on severity, roles and targets. No containment runbooks exist and no out-of-band communication channel is named.","NOT PERFORMED - population zero. No incident has occurred and no exercise has been run, so operating effectiveness cannot be tested.","Design is the strongest of any control family outside the policy pack. Zero occurrences means zero evidence: the walkthrough is all the assurance available, and inquiry plus a walkthrough is not sufficient evidence of operation.",OFI-16,O.S,2026-09-25,Jerry Olugboye (CEO) - see OFI-08
WP-21,"A.5.29, A.5.30, A.8.13 Continuity and backup (CG-01)","Annex A controls A.5.29, A.5.30, A.8.13; CGI-RSK-001 control gap CG-01","Determine whether backups are performed, protected and tested, and whether ICT continuity objectives are declared.",Restore tests performed in the period: 0. Declared RTO/RPO values: 0.,Inquiry of the IT Operations Manager; CGI-TPR-001 F-013,0 restore tests; 1 backup configuration (100%),Inspection of configuration; inquiry; attempted re-performance,1. Inspect the AWS snapshot configuration and schedule. 2. Request declared RTO and RPO. 3. Request restore test reports for the period. 4. Request evidence that the data export path has been exercised.,"AWS native snapshots configured (eu-central-1 primary, us-east-1 backup copies); CGI-TPR-001 F-013 (no RTO, no RPO, no restore test, export never exercised); VRA-2026-001 condition C4 due 15 Dec 2026","FAIL - no CGI-POL-006, no declared recovery objectives, no test schedule. A backup with no restore test and no objective is an assumption, not a control.",NOT PERFORMED - population zero.,"Backups exist and have never been proven to restore. CGI-RSK-001 correctly takes no credit for them against R-002. The SoA target date of 15 December 2026 has not passed, so this is recorded as an opportunity for improvement that becomes a nonconformity on 16 December 2026.",OFI-01,O.S,2026-09-25,Jerry Olugboye (CEO) - see OFI-08
WP-22,"A.8.3, A.8.4, A.8.8, A.8.19, A.8.25, A.8.26, A.8.28, A.8.29, A.8.31, A.8.32 Secure development (CG-02, R-004)",Ten Annex A controls on the code path; CGI-RSK-001 control gap CG-02 and risk R-004,"Determine whether changes to the platform are authorised, reviewed, tested and separated from production, and whether vulnerabilities are identified and remediated.",Production releases in the 12 months to 25 Sep 2026: NOT DETERMINABLE. Peer-reviewed merges: NOT DETERMINABLE. Vulnerability scans: 0. Penetration tests: 0.,"No change record, release log or branch-protection configuration exists, so no population can be constructed and no completeness assertion can be made.",0 - no testable population,Attempted population construction; inspection of repository configuration; inquiry of the CTO,1. Request the change record or release log for the period. 2. Request the GitHub branch-protection configuration export. 3. Request scan reports and remediation tickets. 4. Request the penetration test report. 5. Request the environment separation diagram.,"CGI-POL-002 s4.5.2 secret scanning (a fragment); CGI-VEN-002 GitHub Tier 1, inherent 15 Critical, no branch protection on the CGI side; CGI-GAP-001 PR.PS = 0","FAIL - CGI-POL-007 and CGI-POL-008 are unwritten. There is no coding standard, no mandatory peer review, no scanning SLA and no recorded environment separation.",NOT PERFORMED - no population could be constructed.,"Ten of the eleven code-path controls behind the organisation's joint-highest residual risk are Not started, and an eleventh (A.5.7 threat intelligence) is tested in WP-05. Engineers can commit directly to production with no second person. SoA target dates of 31 March 2027 have not passed, so the finding is recorded as an OFI that becomes a nonconformity on 01 April 2027.",OFI-02; OFI-17,O.S,2026-09-25,Jerry Olugboye (CEO) - see OFI-08
WP-23,"A.8.9, A.8.15, A.8.16, A.8.20-A.8.22 Cloud configuration, logging and monitoring (CG-03, R-005)","Annex A controls A.8.9, A.8.15, A.8.16, A.8.20, A.8.21, A.8.22; control gap CG-03 and risk R-005","Determine whether cloud configuration is baselined and monitored for drift, and whether logging and alerting are in place.",Configuration baselines: 0. Drift detection reports: 0. Security alerts raised and handled: 0. Log sources under retention: 0.,"Inquiry of the IT Operations Manager; CGI-TPR-001 F-010; CGI-GAP-001 PR.IR = 0, DE.CM = 1",0 baselines; 4 AWS CUECs (100%),Inquiry; inspection of available configuration; attribute testing of the four CUECs,1. Request the AWS configuration baseline. 2. Request drift-detection or posture reports. 3. Test each of the four AWS CUECs for acceptance and an assigned owner. 4. Request CloudTrail configuration with log file validation. 5. Request alert rules and handled-alert records.,"VRA-2026-001 F-010: four unaccepted CUECs (organisation-wide CloudTrail with log file validation; MFA on the root account with restricted root use; least-privilege IAM with periodic review; encryption management for customer-controlled data); Datadog APM used for engineering, not as a security log source","FAIL - no baseline, no drift detection, no alert rules and no central security log account exist.",FAIL on the CUECs: 0 of 4 accepted and assigned. NOT PERFORMED elsewhere - population zero.,"R-005 stays High for exactly this reason: the gap sits on the organisation's side of the shared-responsibility boundary, where no provider certificate reaches. Condition C1 is due 15 December 2026; if it is not met, the AWS conditional pass lapses to Fail.",OFI-03; OFI-07,O.S,2026-09-25,Jerry Olugboye (CEO) - see OFI-08
WP-24,"A.5.9, A.5.12, A.5.13, A.8.1, A.8.10-A.8.12 Asset, classification and data protection (CG-05)","Annex A controls A.5.9, A.5.12, A.5.13, A.8.1, A.8.10, A.8.11, A.8.12","Determine whether information and assets are inventoried, classified, labelled, retained and protected against leakage.",Asset inventory entries: 0 (a 17-row vendor inventory exists and is not an asset inventory). Endpoints registered: 0 of 50. Deletion certificates: 0. DLP alerts: 0.,CGI-TPR-001 vendor inventory; CGI-GAP-001 ID.AM = 1,"17 vendor rows (100%, as an input only); 4 classification tiers (100%)",Inspection; inquiry; attempted reconciliation of assets to classification,1. Request the asset and SaaS inventory. 2. Test whether the four CGI-POL-004 tiers have been applied to any asset. 3. Request the endpoint register for the 50 BYOD devices. 4. Request retention/deletion records and DLP alert samples.,"CGI-POL-004 v1.0 four tiers and Handling Matrix (approved, never applied); EXC-003 (Restricted data on removable media); CGI-VEN-007 Datadog log scrubbing rules unverified","PARTIAL - the classification scheme and handling matrix are approved and complete. No inventory exists for them to be applied to, and no DLP capability is designed.",FAIL - the scheme has been applied to zero assets. No endpoint register exists for a 50-device BYOD estate.,"A classification scheme with nothing classified is a document, not a control. The vendor inventory delivered by CGI-TPR-001 is an input to the asset inventory and is frequently mistaken for it.",OFI-05; OFI-18,O.S,2026-09-25,Jerry Olugboye (CEO) - see OFI-08
