ID,Action,Criteria served,Owner (job title),Start,Due,Phase,Est. cost (USD),Dependency,Note
SOC-01,"Decide the report strategy and confirm the scope: Security + Availability + Confidentiality, AWS carved out, one system (the platform)",All,Chief Executive Officer,2026-10-01,2026-10-31,Phase 0 - Decide,0,ISO-02,Runs with ISO-02: one scope decision serves both frameworks
SOC-02,Approve the system description and the CUEC schedule; publish the CUECs in the customer agreement and on the trust page,CC2.3,Chief Technology Officer,2027-01-01,2027-06-30,Phase 1 - Build,0,SOC-01,No ISO action creates this. Closes OFI-10
SOC-03,"Establish an oversight arrangement independent of management: an advisory board seat, or a documented CEO-plus-external-adviser review of the system of internal control",CC1.2,Chief Executive Officer,2027-01-01,2027-03-31,Phase 1 - Build,4000,ISO-13,No ISO clause requires an independent governing body. Closes gate SG-2
SOC-04,"Add a fraud consideration to the risk assessment: fraudulent reporting, misappropriation of assets and corruption, with incentives, pressures, opportunities and rationalisations",CC3.3,Chief Executive Officer,2027-01-01,2027-03-31,Phase 1 - Build,0,ISO-05,ISO/IEC 27001 Annex A has no fraud control. Closes OFI-11
SOC-05,"Publish service commitments and system requirements: uptime target, support response times and recovery objectives","A1.1, A1.2, A1.3",Chief Executive Officer,2027-01-01,2027-06-30,Phase 1 - Build,0,OFI-01,"Without a commitment, Availability has nothing to be tested against. Closes OFI-12"
SOC-06,Map each control in the SoA to the criteria it serves and maintain the crosswalk as one control set,All,Chief Technology Officer,2026-11-01,2026-12-31,Phase 1 - Build,0,ISO-06,Delivered in draft by CGI-SOC-001 Part 2; becomes a maintained artefact
SOC-07,"Stand up evidence capture: ticketing for access reviews, change approvals, incident records, restore tests and vendor reviews, so that a population exists to sample",All,Chief Technology Officer,2027-01-01,2027-03-31,Phase 1 - Build,3000,REC-06; REC-07,The single highest-value SOC 2 action. Closes OFI-06
SOC-08,"Select a CPA firm for the examination. It must be independent of whoever performed the readiness work, and different from the ISO certification body",All,Chief Executive Officer,2027-09-01,2027-11-30,Phase 2 - Engage,0,ISO-14,AICPA independence: the firm that builds controls cannot examine them
SOC-09,Readiness re-assessment against the 38 criteria using this workbook,All,Chief Technology Officer,2027-11-01,2027-12-31,Phase 2 - Engage,0,SOC-07,Re-run the scoring; target every gate PASS
SOC-10,Type I examination as of 31 March 2028,All,Chief Executive Officer,2028-02-01,2028-04-30,Phase 3 - Report,18000,SOC-09,Planning estimate for a 50-person single-system scope
SOC-11,Type II observation period: 1 April 2028 to 30 September 2028,All,Chief Technology Officer,2028-04-01,2028-09-30,Phase 3 - Report,0,SOC-10,Six months is the market norm for a first Type II
SOC-12,Type II examination and report issue,All,Chief Executive Officer,2028-10-01,2028-11-30,Phase 3 - Report,25000,SOC-11,"Planning estimate. Certificate equivalent: the report, issued ~Nov 2028"
SOC-13,"Publish a trust page carrying the ISO certificate, the SOC 2 status and the CUEC schedule",CC2.3,Head of Customer Success,2027-11-01,2027-12-31,Phase 2 - Engage,0,SOC-02,Answers the buyers who are asking today
SOC-14,Bridge statement covering the gap between the Type II period end and a buyer's due diligence date,All,Chief Executive Officer,2028-12-01,2029-01-31,Phase 4 - Sustain,0,SOC-12,"The gap CGI itself found in a vendor (F-006, stale Slack SOC 2) - do not repeat it"
