Criterion,TSC category,Criteria group,Criterion (paraphrased),2022 points of focus (summary),Mapped ISO Annex A controls,Mapped ISO clauses,Items scored,Mean mapped maturity,Zero-maturity items,CRL (0-3),CRL capped at 2,CRL meaning,Design verdict,Operating verdict,Design holes (controls at maturity 0),Satisfied by an ISO control?,Gate
CC1.1,Security,CC1 Control Environment,The entity demonstrates a commitment to integrity and ethical values,PoF: tone at the top; standards of conduct; evaluation of adherence; deviations addressed.,A.5.1; A.5.4; A.6.2; A.6.4; A.6.6,5.1; 5.2,7,1,3,1,1,1 Documented only,Deficient,Not evidenced,A.6.2; A.6.4; A.6.6,Partly - some mapped ISO controls are Not started,-
CC1.2,Security,CC1 Control Environment,The board of directors demonstrates independence from management and exercises oversight,PoF: oversight responsibilities; independence and relevant expertise; oversight of the system of internal control.,A.5.2; A.5.35; A.5.36,5.1; 9.3.1,5,1,2,1,1,1 Documented only,Deficient,Not evidenced,A.5.35; 9.3.1,Partly - some mapped ISO controls are Not started,SG-2
CC1.3,Security,CC1 Control Environment,"Management establishes structures, reporting lines, and appropriate authorities and responsibilities","PoF: structures considered; reporting lines established; authorities and responsibilities assigned, limited and segregated.",A.5.2; A.5.3,5.3; 5.1,4,1.75,0,2,2,"2 Designed and implemented, no operating evidence",Adequate,Not evidenced,none,"Yes - the same ISO controls satisfy both, at design level",-
CC1.4,Security,CC1 Control Environment,"The entity demonstrates a commitment to attract, develop and retain competent individuals",PoF: policies and practices; competence evaluated; individuals developed; succession planned.,A.6.1; A.6.3,7.2; 7.3,4,1,1,1,1,1 Documented only,Deficient,Not evidenced,7.2,Partly - some mapped ISO controls are Not started,-
CC1.5,Security,CC1 Control Environment,The entity holds individuals accountable for their internal control responsibilities,PoF: accountability enforced through structures; performance measures; incentives and rewards; discipline applied.,A.5.4; A.5.36; A.6.4,5.3,4,1,1,1,1,1 Documented only,Deficient,Not evidenced,A.6.4,Partly - some mapped ISO controls are Not started,-
CC2.1,Security,CC2 Communication and Information,"The entity obtains or generates and uses relevant, quality information to support internal control",PoF: information requirements identified; internal and external data captured; data processed into information.,A.5.9; A.5.7; A.8.15,9.1,4,1,1,1,1,1 Documented only,Deficient,Not evidenced,A.5.7,Partly - some mapped ISO controls are Not started,-
CC2.2,Security,CC2 Communication and Information,"The entity internally communicates information, including objectives and responsibilities for internal control",PoF: communicates internal control information; communicates with the board; separate lines of communication exist.,A.5.1; A.5.10; A.6.3; A.6.8,7.3; 7.4,6,1.83,0,2,2,"2 Designed and implemented, no operating evidence",Adequate,Not evidenced,none,"Yes - the same ISO controls satisfy both, at design level",-
CC2.3,Security,CC2 Communication and Information,The entity communicates with external parties regarding matters affecting internal control,PoF: communicates objectives and commitments to user entities; communicates responsibilities (CUECs); channels for external parties.,A.5.5; A.5.14; A.5.20; A.6.6,7.4; 4.2,6,1.5,1,2,2,"2 Designed and implemented, no operating evidence",Deficient,Not evidenced,A.6.6,Partly - some mapped ISO controls are Not started,SG-3
CC3.1,Security,CC3 Risk Assessment,The entity specifies objectives with sufficient clarity to enable identification and assessment of risks,"PoF: operations, reporting and compliance objectives specified; materiality considered; tolerances defined.",A.5.1,6.2; 4.1,3,1.33,1,1,1,1 Documented only,Deficient,Not evidenced,6.2,Partly - some mapped ISO controls are Not started,-
CC3.2,Security,CC3 Risk Assessment,The entity identifies risks to the achievement of its objectives and analyses them as a basis for management,PoF: risks identified at entity and activity level; likelihood and significance estimated; responses determined; vendors and business partners considered.,A.5.7; A.8.8,6.1.2; 8.2,4,1.25,2,1,1,1 Documented only,Deficient,Not evidenced,A.5.7; A.8.8,Partly - some mapped ISO controls are Not started,SG-4
CC3.3,Security,CC3 Risk Assessment,The entity considers the potential for fraud in assessing risks,"PoF: fraudulent reporting, safeguarding of assets and corruption considered; incentives, pressures, opportunities, attitudes and rationalisations assessed.",A.5.4; A.6.1; A.8.2; A.8.16,6.1.2,5,1.2,1,1,1,1 Documented only,Deficient,Not evidenced,A.8.16,Partly - some mapped ISO controls are Not started,-
CC3.4,Security,CC3 Risk Assessment,The entity identifies and assesses changes that could significantly affect the system of internal control,"PoF: changes in external environment, business model, leadership and technology assessed.",A.5.8; A.8.32,6.3; 8.2,4,0.75,3,1,1,1 Documented only,Deficient,Not evidenced,A.5.8; A.8.32; 6.3,Partly - some mapped ISO controls are Not started,-
CC4.1,Security,CC4 Monitoring Activities,"The entity selects, develops and performs ongoing and separate evaluations of internal control",PoF: mix of ongoing and separate evaluations; knowledgeable and objective evaluators; scope and frequency adjusted; baseline established.,A.5.35; A.5.36; A.8.16,9.1; 9.2.1; 9.2.2,6,0.5,4,1,1,1 Documented only,Deficient,Not evidenced,A.5.35; A.8.16; 9.2.1; 9.2.2,Partly - some mapped ISO controls are Not started,-
CC4.2,Security,CC4 Monitoring Activities,The entity evaluates and communicates internal control deficiencies in a timely manner,PoF: results assessed; deficiencies communicated to those responsible and to senior management; corrective actions monitored.,A.5.27; A.5.36,9.3.2; 10.2,4,0.5,2,1,1,1 Documented only,Deficient,Not evidenced,9.3.2; 10.2,Partly - some mapped ISO controls are Not started,-
CC5.1,Security,CC5 Control Activities,The entity selects and develops control activities that mitigate risks to acceptable levels,PoF: integration with risk assessment; entity-specific factors; relevant business processes; mix of control types; segregation of duties.,A.5.1,6.1.3,2,2,0,2,2,"2 Designed and implemented, no operating evidence",Adequate,Not evidenced,none,"Yes - the same ISO controls satisfy both, at design level",-
CC5.2,Security,CC5 Control Activities,The entity selects and develops general control activities over technology,"PoF: dependency between processes and technology; technology infrastructure, security management and acquisition/development/maintenance controls.",A.8.9; A.8.20; A.8.32,8.1,4,0.5,3,1,1,1 Documented only,Deficient,Not evidenced,A.8.9; A.8.20; A.8.32,Partly - some mapped ISO controls are Not started,-
CC5.3,Security,CC5 Control Activities,The entity deploys control activities through policies and procedures that put them into action,PoF: policies and procedures established; responsibility and accountability assigned; performed timely by competent personnel; corrective action taken; periodically reassessed.,A.5.1; A.5.36; A.5.37,5.2; 7.5,5,1.6,0,2,2,"2 Designed and implemented, no operating evidence",Adequate,Not evidenced,none,"Yes - the same ISO controls satisfy both, at design level",-
CC6.1,Security,CC6 Logical and Physical Access Controls,"The entity implements logical access security software, infrastructure and architectures over protected information assets",PoF: assets identified and inventoried; access restricted and managed; network segmentation; points of access identified; encryption keys managed.,A.5.15; A.5.16; A.8.2; A.8.3; A.8.5; A.8.20; A.8.22,8.1,8,1.25,3,1,1,1 Documented only,Deficient,Not evidenced,A.8.3; A.8.20; A.8.22,Partly - some mapped ISO controls are Not started,SG-5
CC6.2,Security,CC6 Logical and Physical Access Controls,"Prior to issuing credentials, the entity registers and authorises new internal and external users",PoF: access requests authorised by asset owner; credentials issued on approval; access removed when no longer required.,A.5.16; A.5.17; A.5.18; A.6.5,-,4,1.75,0,2,2,"2 Designed and implemented, no operating evidence",Adequate,Not evidenced,none,"Yes - the same ISO controls satisfy both, at design level",SG-5
CC6.3,Security,CC6 Logical and Physical Access Controls,"The entity authorises, modifies or removes access based on roles, responsibilities and least privilege",PoF: role-based access; access reviewed periodically; least privilege and segregation of duties considered; removal on change or termination.,A.5.3; A.5.11; A.5.15; A.5.18; A.6.5; A.8.2; A.8.3,-,7,1.43,1,1,1,1 Documented only,Deficient,Not evidenced,A.8.3,Partly - some mapped ISO controls are Not started,SG-5
CC6.4,Security,CC6 Logical and Physical Access Controls,The entity restricts physical access to facilities and protected information assets,"PoF: physical access to facilities and to protected assets authorised, restricted and removed; visitor access managed.",A.7.1; A.7.2; A.7.3,-,3,0,3,0,0,0 Absent,Deficient,Not evidenced,A.7.1; A.7.2; A.7.3,No - every mapped ISO control is Not started,-
CC6.5,Security,CC6 Logical and Physical Access Controls,The entity discontinues logical and physical protections over physical assets only after ability to read data has been diminished,PoF: data rendered unreadable before disposal; disposal of physical assets documented.,A.7.10; A.7.14,-,2,1,1,1,1,1 Documented only,Deficient,Not evidenced,A.7.14,Partly - some mapped ISO controls are Not started,-
CC6.6,Security,CC6 Logical and Physical Access Controls,The entity implements logical access security measures against threats from sources outside its system boundaries,PoF: access points restricted; identification and authentication of external users; network firewalls and intrusion protection; transmission protected.,A.8.5; A.8.20; A.8.21; A.8.22; A.8.23,-,5,0.4,4,0,0,0 Absent,Deficient,Not evidenced,A.8.20; A.8.21; A.8.22; A.8.23,No - every mapped ISO control is Not started,-
CC6.7,Security,CC6 Logical and Physical Access Controls,"The entity restricts the transmission, movement and removal of information and protects it during transmission and removal",PoF: restricted to authorised users and processes; encryption in transit; removable media protected; mobile devices protected.,A.5.14; A.7.10; A.8.10; A.8.11; A.8.12; A.8.24,-,6,0.83,3,1,1,1 Documented only,Deficient,Not evidenced,A.8.11; A.8.12; A.8.24,Partly - some mapped ISO controls are Not started,-
CC6.8,Security,CC6 Logical and Physical Access Controls,The entity implements controls to prevent or detect and act upon the introduction of unauthorised or malicious software,PoF: software restricted to approved sources; anti-malware deployed and updated; scans performed; detection acted upon.,A.8.7; A.8.18; A.8.19,-,3,0,3,0,0,0 Absent,Deficient,Not evidenced,A.8.7; A.8.18; A.8.19,No - every mapped ISO control is Not started,-
CC7.1,Security,CC7 System Operations,The entity uses detection and monitoring procedures to identify configuration changes and new vulnerabilities,PoF: configuration standards defined; changes to configuration detected; vulnerability scans performed and evaluated.,A.8.8; A.8.9; A.8.32,-,3,0,3,0,0,0 Absent,Deficient,Not evidenced,A.8.8; A.8.9; A.8.32,No - every mapped ISO control is Not started,-
CC7.2,Security,CC7 System Operations,"The entity monitors system components for anomalies indicative of malicious acts, natural disasters and errors",PoF: monitoring infrastructure implemented; logs of authorised and unauthorised activity; anomalies analysed; security events identified.,A.5.25; A.8.15; A.8.16; A.8.17,9.1,5,0.8,2,1,1,1 Documented only,Deficient,Not evidenced,A.8.16; A.8.17,Partly - some mapped ISO controls are Not started,-
CC7.3,Security,CC7 System Operations,The entity evaluates security events to determine whether they could or have resulted in a failure to meet objectives,PoF: impact of security events assessed; incidents declared; severity assigned; procedures for responding determined.,A.5.24; A.5.25,-,2,1.5,0,2,2,"2 Designed and implemented, no operating evidence",Adequate,Not evidenced,none,"Yes - the same ISO controls satisfy both, at design level",-
CC7.4,Security,CC7 System Operations,The entity responds to identified security incidents by executing a defined incident-response programme,PoF: roles assigned; containment; remediation; communication of breaches to affected parties; evaluation of the effectiveness of the response.,A.5.5; A.5.24; A.5.26; A.5.28; A.6.8,-,5,1.6,0,2,2,"2 Designed and implemented, no operating evidence",Adequate,Not evidenced,none,"Yes - the same ISO controls satisfy both, at design level",SG-6
CC7.5,Security,CC7 System Operations,"The entity identifies, develops and implements activities to recover from identified security incidents",PoF: restoration of affected environments; root-cause analysis; improvements to the response; periodic testing of the recovery plan.,A.5.27; A.5.29; A.5.30; A.8.13,10.2,5,0.8,1,1,1,1 Documented only,Deficient,Not evidenced,10.2,Partly - some mapped ISO controls are Not started,-
CC8.1,Security,CC8 Change Management,"The entity authorises, designs, develops or acquires, configures, documents, tests, approves and implements changes","PoF: change-management process; baselines; segregated environments; testing before approval; emergency changes; changes to infrastructure, data and software.",A.8.4; A.8.19; A.8.25; A.8.26; A.8.28; A.8.29; A.8.31; A.8.32; A.8.33,6.3,10,0,10,0,0,0 Absent,Deficient,Not evidenced,A.8.4; A.8.19; A.8.25; A.8.26; A.8.28; A.8.29; A.8.31; A.8.32; A.8.33; 6.3,No - every mapped ISO control is Not started,SG-7
CC9.1,Security,CC9 Risk Mitigation,"The entity identifies, selects and develops risk mitigation activities for risks arising from potential business disruptions",PoF: mitigation of business disruption risks considered; insurance considered; business continuity and disaster recovery activities developed.,A.5.29; A.5.30; A.8.6; A.8.14,6.1.3,5,0.8,2,1,1,1 Documented only,Deficient,Not evidenced,A.8.6; A.8.14,Partly - some mapped ISO controls are Not started,-
CC9.2,Security,CC9 Risk Mitigation,The entity assesses and manages risks associated with vendors and business partners,PoF: vendor risk assessed; commitments and requirements communicated; compliance assessed periodically; corrective action taken; exit procedures.,A.5.19; A.5.20; A.5.21; A.5.22; A.5.23; A.5.34,8.1,7,1.71,0,2,2,"2 Designed and implemented, no operating evidence",Adequate,Not evidenced,none,"Yes - the same ISO controls satisfy both, at design level",SG-8
A1.1,Availability,A1 Availability,"The entity maintains, monitors and evaluates current processing capacity and use of system components",PoF: current usage measured; capacity demand forecast; capacity decisions made to meet objectives.,A.8.6; A.8.16,-,2,0,2,0,0,0 Absent,Deficient,Not evidenced,A.8.6; A.8.16,No - every mapped ISO control is Not started,-
A1.2,Availability,A1 Availability,"The entity authorises, designs, develops, implements, operates, approves, maintains and monitors environmental protections, software, data back-up processes and recovery infrastructure",PoF: environmental protections; back-up data procedures; recovery infrastructure; alternate processing; location of back-up considered.,A.5.30; A.7.5; A.8.13; A.8.14,-,4,0.5,2,1,1,1 Documented only,Deficient,Not evidenced,A.7.5; A.8.14,Partly - some mapped ISO controls are Not started,-
A1.3,Availability,A1 Availability,The entity tests recovery plan procedures supporting system recovery,PoF: recovery plan tested on a periodic basis; test results reviewed; the plan is revised for the results.,A.5.27; A.5.30; A.8.13,-,3,1,0,1,1,1 Documented only,Deficient,Not evidenced,none,Partly - some mapped ISO controls are Not started,-
C1.1,Confidentiality,C1 Confidentiality,The entity identifies and maintains confidential information to meet objectives related to confidentiality,PoF: confidential information identified and protected; retention period defined; protection during and after the retention period.,A.5.9; A.5.12; A.5.13; A.5.33,-,4,1,1,1,1,1 Documented only,Deficient,Not evidenced,A.5.33,Partly - some mapped ISO controls are Not started,-
C1.2,Confidentiality,C1 Confidentiality,The entity disposes of confidential information to meet objectives related to confidentiality,PoF: identification of confidential information for disposal; erasure or destruction; disposal documented.,A.5.33; A.7.10; A.7.14; A.8.10,-,4,0.75,2,1,1,1 Documented only,Deficient,Not evidenced,A.5.33; A.7.14,Partly - some mapped ISO controls are Not started,-
