Stratum,Control,Title,Applicable,Maturity (0-4),Status per CGI-ISO-001,SoA target date,Selection basis,Test of design - traceability,Test of operating effectiveness
A.5,A.5.8,Information security in project management,Y,0,Not started,2027-03-31,"Stratified random, seed 20260925","Agreed - risk, Category or stated basis traces to CGI-RSK-001 v1.1, CGI-GAP-001 or CGI-TPR-001",Not evidenced - SoA v1.0 is unapproved (NC-03)
A.5,A.5.9,Inventory of information and other associated assets,Y,1,Partial,2027-03-31,"Stratified random, seed 20260925","Agreed - risk, Category or stated basis traces to CGI-RSK-001 v1.1, CGI-GAP-001 or CGI-TPR-001",Not evidenced - SoA v1.0 is unapproved (NC-03)
A.5,A.5.16,Identity management,Y,2,Partial,2026-12-31,"Stratified random, seed 20260925","Agreed - risk, Category or stated basis traces to CGI-RSK-001 v1.1, CGI-GAP-001 or CGI-TPR-001",Not evidenced - SoA v1.0 is unapproved (NC-03)
A.5,A.5.22,"Monitoring, review and change management of supplier services",Y,2,Partial,2027-09-30,"Stratified random, seed 20260925","Agreed - risk, Category or stated basis traces to CGI-RSK-001 v1.1, CGI-GAP-001 or CGI-TPR-001",Not evidenced - SoA v1.0 is unapproved (NC-03)
A.5,A.5.28,Collection of evidence,Y,1,Partial,2027-03-31,"Stratified random, seed 20260925","Agreed - risk, Category or stated basis traces to CGI-RSK-001 v1.1, CGI-GAP-001 or CGI-TPR-001",Not evidenced - SoA v1.0 is unapproved (NC-03)
A.5,A.5.33,Protection of records,Y,0,Not started,2027-03-31,"Stratified random, seed 20260925","Agreed - risk, Category or stated basis traces to CGI-RSK-001 v1.1, CGI-GAP-001 or CGI-TPR-001",Not evidenced - SoA v1.0 is unapproved (NC-03)
A.6,A.6.8,Information security event reporting,Y,2,Partial,2027-06-30,"Stratified random, seed 20260925","Agreed - risk, Category or stated basis traces to CGI-RSK-001 v1.1, CGI-GAP-001 or CGI-TPR-001",Not evidenced - SoA v1.0 is unapproved (NC-03)
A.7,A.7.2,Physical entry,Y,0,Not started,2027-03-31,"Stratified random, seed 20260925","Agreed - risk, Category or stated basis traces to CGI-RSK-001 v1.1, CGI-GAP-001 or CGI-TPR-001",Not evidenced - SoA v1.0 is unapproved (NC-03)
A.7,A.7.9,Security of assets off-premises,Y,1,Partial,2027-03-31,"Stratified random, seed 20260925","Agreed - risk, Category or stated basis traces to CGI-RSK-001 v1.1, CGI-GAP-001 or CGI-TPR-001",Not evidenced - SoA v1.0 is unapproved (NC-03)
A.8,A.8.1,User endpoint devices,Y,1,Partial,2027-03-31,"Stratified random, seed 20260925","Agreed - risk, Category or stated basis traces to CGI-RSK-001 v1.1, CGI-GAP-001 or CGI-TPR-001",Not evidenced - SoA v1.0 is unapproved (NC-03)
A.8,A.8.10,Information deletion,Y,1,Partial,2027-03-31,"Stratified random, seed 20260925","Agreed - risk, Category or stated basis traces to CGI-RSK-001 v1.1, CGI-GAP-001 or CGI-TPR-001",Not evidenced - SoA v1.0 is unapproved (NC-03)
A.8,A.8.11,Data masking,Y,0,Not started,2027-06-30,"Stratified random, seed 20260925","Agreed - risk, Category or stated basis traces to CGI-RSK-001 v1.1, CGI-GAP-001 or CGI-TPR-001",Not evidenced - SoA v1.0 is unapproved (NC-03)
A.8,A.8.17,Clock synchronization,Y,0,Not started,2027-03-31,"Stratified random, seed 20260925","Agreed - risk, Category or stated basis traces to CGI-RSK-001 v1.1, CGI-GAP-001 or CGI-TPR-001",Not evidenced - SoA v1.0 is unapproved (NC-03)
A.8,A.8.27,Secure system architecture and engineering principles,Y,0,Not started,2027-12-31,"Stratified random, seed 20260925","Agreed - risk, Category or stated basis traces to CGI-RSK-001 v1.1, CGI-GAP-001 or CGI-TPR-001",Not evidenced - SoA v1.0 is unapproved (NC-03)
A.8,A.8.33,Test information,Y,0,Not started,2027-03-31,"Stratified random, seed 20260925","Agreed - risk, Category or stated basis traces to CGI-RSK-001 v1.1, CGI-GAP-001 or CGI-TPR-001",Not evidenced - SoA v1.0 is unapproved (NC-03)
A.7,A.7.4,Physical security monitoring,N,,Excluded,N/A - review 30 Sep 2027,Exclusion - 100% tested,Agreed - exclusion states a testable fact and the condition that would reverse it,Not applicable - control excluded
A.7,A.7.6,Working in secure areas,N,,Excluded,N/A - review 30 Sep 2027,Exclusion - 100% tested,Agreed - exclusion states a testable fact and the condition that would reverse it,Not applicable - control excluded
A.7,A.7.11,Supporting utilities,N,,Excluded,N/A - review 30 Sep 2027,Exclusion - 100% tested,Agreed - exclusion states a testable fact and the condition that would reverse it,Not applicable - control excluded
A.7,A.7.12,Cabling security,N,,Excluded,N/A - review 30 Sep 2027,Exclusion - 100% tested,Agreed - exclusion states a testable fact and the condition that would reverse it,Not applicable - control excluded
A.8,A.8.30,Outsourced development,N,,Excluded,N/A - review 30 Sep 2027,Exclusion - 100% tested,Agreed - exclusion states a testable fact and the condition that would reverse it,Not applicable - control excluded
