Control,Title,Theme,Applicable Y/N,Justification for inclusion or exclusion,Implementation status,Evidence held or required,Owner (job title),Related risk ID,Related maturity Category,Related supplier finding,Target date,Basis for inclusion,Control maturity (0-4)
A.5.1,Policies for information security,Organizational,[Y/N],"[Why the organisation's risks, obligations or stakeholders need this control - or, if N, why excluded and what would bring it back]",[Formula: 0=Not started; 1-2=Partial; 3-4=Implemented; N=N/A - excluded],Held: [evidence]. Required: [evidence],[Job title],[Risk ID(s) or -],[Category or -],[Vendor finding or -],[DD Mon YYYY],[Risk / Maturity gap / Vendor finding / Contractual-stakeholder - NOT risk-based / Legal - NOT risk-based / Excluded],[0-4]
A.5.2,Information security roles and responsibilities,Organizational,[Y/N],"[Why the organisation's risks, obligations or stakeholders need this control - or, if N, why excluded and what would bring it back]",[Formula: 0=Not started; 1-2=Partial; 3-4=Implemented; N=N/A - excluded],Held: [evidence]. Required: [evidence],[Job title],[Risk ID(s) or -],[Category or -],[Vendor finding or -],[DD Mon YYYY],[Risk / Maturity gap / Vendor finding / Contractual-stakeholder - NOT risk-based / Legal - NOT risk-based / Excluded],[0-4]
A.5.3,Segregation of duties,Organizational,[Y/N],"[Why the organisation's risks, obligations or stakeholders need this control - or, if N, why excluded and what would bring it back]",[Formula: 0=Not started; 1-2=Partial; 3-4=Implemented; N=N/A - excluded],Held: [evidence]. Required: [evidence],[Job title],[Risk ID(s) or -],[Category or -],[Vendor finding or -],[DD Mon YYYY],[Risk / Maturity gap / Vendor finding / Contractual-stakeholder - NOT risk-based / Legal - NOT risk-based / Excluded],[0-4]
A.5.4,Management responsibilities,Organizational,[Y/N],"[Why the organisation's risks, obligations or stakeholders need this control - or, if N, why excluded and what would bring it back]",[Formula: 0=Not started; 1-2=Partial; 3-4=Implemented; N=N/A - excluded],Held: [evidence]. Required: [evidence],[Job title],[Risk ID(s) or -],[Category or -],[Vendor finding or -],[DD Mon YYYY],[Risk / Maturity gap / Vendor finding / Contractual-stakeholder - NOT risk-based / Legal - NOT risk-based / Excluded],[0-4]
A.5.5,Contact with authorities,Organizational,[Y/N],"[Why the organisation's risks, obligations or stakeholders need this control - or, if N, why excluded and what would bring it back]",[Formula: 0=Not started; 1-2=Partial; 3-4=Implemented; N=N/A - excluded],Held: [evidence]. Required: [evidence],[Job title],[Risk ID(s) or -],[Category or -],[Vendor finding or -],[DD Mon YYYY],[Risk / Maturity gap / Vendor finding / Contractual-stakeholder - NOT risk-based / Legal - NOT risk-based / Excluded],[0-4]
A.5.6,Contact with special interest groups,Organizational,[Y/N],"[Why the organisation's risks, obligations or stakeholders need this control - or, if N, why excluded and what would bring it back]",[Formula: 0=Not started; 1-2=Partial; 3-4=Implemented; N=N/A - excluded],Held: [evidence]. Required: [evidence],[Job title],[Risk ID(s) or -],[Category or -],[Vendor finding or -],[DD Mon YYYY],[Risk / Maturity gap / Vendor finding / Contractual-stakeholder - NOT risk-based / Legal - NOT risk-based / Excluded],[0-4]
A.5.7,Threat intelligence,Organizational,[Y/N],"[Why the organisation's risks, obligations or stakeholders need this control - or, if N, why excluded and what would bring it back]",[Formula: 0=Not started; 1-2=Partial; 3-4=Implemented; N=N/A - excluded],Held: [evidence]. Required: [evidence],[Job title],[Risk ID(s) or -],[Category or -],[Vendor finding or -],[DD Mon YYYY],[Risk / Maturity gap / Vendor finding / Contractual-stakeholder - NOT risk-based / Legal - NOT risk-based / Excluded],[0-4]
A.5.8,Information security in project management,Organizational,[Y/N],"[Why the organisation's risks, obligations or stakeholders need this control - or, if N, why excluded and what would bring it back]",[Formula: 0=Not started; 1-2=Partial; 3-4=Implemented; N=N/A - excluded],Held: [evidence]. Required: [evidence],[Job title],[Risk ID(s) or -],[Category or -],[Vendor finding or -],[DD Mon YYYY],[Risk / Maturity gap / Vendor finding / Contractual-stakeholder - NOT risk-based / Legal - NOT risk-based / Excluded],[0-4]
A.5.9,Inventory of information and other associated assets,Organizational,[Y/N],"[Why the organisation's risks, obligations or stakeholders need this control - or, if N, why excluded and what would bring it back]",[Formula: 0=Not started; 1-2=Partial; 3-4=Implemented; N=N/A - excluded],Held: [evidence]. Required: [evidence],[Job title],[Risk ID(s) or -],[Category or -],[Vendor finding or -],[DD Mon YYYY],[Risk / Maturity gap / Vendor finding / Contractual-stakeholder - NOT risk-based / Legal - NOT risk-based / Excluded],[0-4]
A.5.10,Acceptable use of information and other associated assets,Organizational,[Y/N],"[Why the organisation's risks, obligations or stakeholders need this control - or, if N, why excluded and what would bring it back]",[Formula: 0=Not started; 1-2=Partial; 3-4=Implemented; N=N/A - excluded],Held: [evidence]. Required: [evidence],[Job title],[Risk ID(s) or -],[Category or -],[Vendor finding or -],[DD Mon YYYY],[Risk / Maturity gap / Vendor finding / Contractual-stakeholder - NOT risk-based / Legal - NOT risk-based / Excluded],[0-4]
A.5.11,Return of assets,Organizational,[Y/N],"[Why the organisation's risks, obligations or stakeholders need this control - or, if N, why excluded and what would bring it back]",[Formula: 0=Not started; 1-2=Partial; 3-4=Implemented; N=N/A - excluded],Held: [evidence]. Required: [evidence],[Job title],[Risk ID(s) or -],[Category or -],[Vendor finding or -],[DD Mon YYYY],[Risk / Maturity gap / Vendor finding / Contractual-stakeholder - NOT risk-based / Legal - NOT risk-based / Excluded],[0-4]
A.5.12,Classification of information,Organizational,[Y/N],"[Why the organisation's risks, obligations or stakeholders need this control - or, if N, why excluded and what would bring it back]",[Formula: 0=Not started; 1-2=Partial; 3-4=Implemented; N=N/A - excluded],Held: [evidence]. Required: [evidence],[Job title],[Risk ID(s) or -],[Category or -],[Vendor finding or -],[DD Mon YYYY],[Risk / Maturity gap / Vendor finding / Contractual-stakeholder - NOT risk-based / Legal - NOT risk-based / Excluded],[0-4]
A.5.13,Labelling of information,Organizational,[Y/N],"[Why the organisation's risks, obligations or stakeholders need this control - or, if N, why excluded and what would bring it back]",[Formula: 0=Not started; 1-2=Partial; 3-4=Implemented; N=N/A - excluded],Held: [evidence]. Required: [evidence],[Job title],[Risk ID(s) or -],[Category or -],[Vendor finding or -],[DD Mon YYYY],[Risk / Maturity gap / Vendor finding / Contractual-stakeholder - NOT risk-based / Legal - NOT risk-based / Excluded],[0-4]
A.5.14,Information transfer,Organizational,[Y/N],"[Why the organisation's risks, obligations or stakeholders need this control - or, if N, why excluded and what would bring it back]",[Formula: 0=Not started; 1-2=Partial; 3-4=Implemented; N=N/A - excluded],Held: [evidence]. Required: [evidence],[Job title],[Risk ID(s) or -],[Category or -],[Vendor finding or -],[DD Mon YYYY],[Risk / Maturity gap / Vendor finding / Contractual-stakeholder - NOT risk-based / Legal - NOT risk-based / Excluded],[0-4]
A.5.15,Access control,Organizational,[Y/N],"[Why the organisation's risks, obligations or stakeholders need this control - or, if N, why excluded and what would bring it back]",[Formula: 0=Not started; 1-2=Partial; 3-4=Implemented; N=N/A - excluded],Held: [evidence]. Required: [evidence],[Job title],[Risk ID(s) or -],[Category or -],[Vendor finding or -],[DD Mon YYYY],[Risk / Maturity gap / Vendor finding / Contractual-stakeholder - NOT risk-based / Legal - NOT risk-based / Excluded],[0-4]
A.5.16,Identity management,Organizational,[Y/N],"[Why the organisation's risks, obligations or stakeholders need this control - or, if N, why excluded and what would bring it back]",[Formula: 0=Not started; 1-2=Partial; 3-4=Implemented; N=N/A - excluded],Held: [evidence]. Required: [evidence],[Job title],[Risk ID(s) or -],[Category or -],[Vendor finding or -],[DD Mon YYYY],[Risk / Maturity gap / Vendor finding / Contractual-stakeholder - NOT risk-based / Legal - NOT risk-based / Excluded],[0-4]
A.5.17,Authentication information,Organizational,[Y/N],"[Why the organisation's risks, obligations or stakeholders need this control - or, if N, why excluded and what would bring it back]",[Formula: 0=Not started; 1-2=Partial; 3-4=Implemented; N=N/A - excluded],Held: [evidence]. Required: [evidence],[Job title],[Risk ID(s) or -],[Category or -],[Vendor finding or -],[DD Mon YYYY],[Risk / Maturity gap / Vendor finding / Contractual-stakeholder - NOT risk-based / Legal - NOT risk-based / Excluded],[0-4]
A.5.18,Access rights,Organizational,[Y/N],"[Why the organisation's risks, obligations or stakeholders need this control - or, if N, why excluded and what would bring it back]",[Formula: 0=Not started; 1-2=Partial; 3-4=Implemented; N=N/A - excluded],Held: [evidence]. Required: [evidence],[Job title],[Risk ID(s) or -],[Category or -],[Vendor finding or -],[DD Mon YYYY],[Risk / Maturity gap / Vendor finding / Contractual-stakeholder - NOT risk-based / Legal - NOT risk-based / Excluded],[0-4]
A.5.19,Information security in supplier relationships,Organizational,[Y/N],"[Why the organisation's risks, obligations or stakeholders need this control - or, if N, why excluded and what would bring it back]",[Formula: 0=Not started; 1-2=Partial; 3-4=Implemented; N=N/A - excluded],Held: [evidence]. Required: [evidence],[Job title],[Risk ID(s) or -],[Category or -],[Vendor finding or -],[DD Mon YYYY],[Risk / Maturity gap / Vendor finding / Contractual-stakeholder - NOT risk-based / Legal - NOT risk-based / Excluded],[0-4]
A.5.20,Addressing information security within supplier agreements,Organizational,[Y/N],"[Why the organisation's risks, obligations or stakeholders need this control - or, if N, why excluded and what would bring it back]",[Formula: 0=Not started; 1-2=Partial; 3-4=Implemented; N=N/A - excluded],Held: [evidence]. Required: [evidence],[Job title],[Risk ID(s) or -],[Category or -],[Vendor finding or -],[DD Mon YYYY],[Risk / Maturity gap / Vendor finding / Contractual-stakeholder - NOT risk-based / Legal - NOT risk-based / Excluded],[0-4]
A.5.21,Managing information security in the ICT supply chain,Organizational,[Y/N],"[Why the organisation's risks, obligations or stakeholders need this control - or, if N, why excluded and what would bring it back]",[Formula: 0=Not started; 1-2=Partial; 3-4=Implemented; N=N/A - excluded],Held: [evidence]. Required: [evidence],[Job title],[Risk ID(s) or -],[Category or -],[Vendor finding or -],[DD Mon YYYY],[Risk / Maturity gap / Vendor finding / Contractual-stakeholder - NOT risk-based / Legal - NOT risk-based / Excluded],[0-4]
A.5.22,"Monitoring, review and change management of supplier services",Organizational,[Y/N],"[Why the organisation's risks, obligations or stakeholders need this control - or, if N, why excluded and what would bring it back]",[Formula: 0=Not started; 1-2=Partial; 3-4=Implemented; N=N/A - excluded],Held: [evidence]. Required: [evidence],[Job title],[Risk ID(s) or -],[Category or -],[Vendor finding or -],[DD Mon YYYY],[Risk / Maturity gap / Vendor finding / Contractual-stakeholder - NOT risk-based / Legal - NOT risk-based / Excluded],[0-4]
A.5.23,Information security for use of cloud services,Organizational,[Y/N],"[Why the organisation's risks, obligations or stakeholders need this control - or, if N, why excluded and what would bring it back]",[Formula: 0=Not started; 1-2=Partial; 3-4=Implemented; N=N/A - excluded],Held: [evidence]. Required: [evidence],[Job title],[Risk ID(s) or -],[Category or -],[Vendor finding or -],[DD Mon YYYY],[Risk / Maturity gap / Vendor finding / Contractual-stakeholder - NOT risk-based / Legal - NOT risk-based / Excluded],[0-4]
A.5.24,Information security incident management planning and preparation,Organizational,[Y/N],"[Why the organisation's risks, obligations or stakeholders need this control - or, if N, why excluded and what would bring it back]",[Formula: 0=Not started; 1-2=Partial; 3-4=Implemented; N=N/A - excluded],Held: [evidence]. Required: [evidence],[Job title],[Risk ID(s) or -],[Category or -],[Vendor finding or -],[DD Mon YYYY],[Risk / Maturity gap / Vendor finding / Contractual-stakeholder - NOT risk-based / Legal - NOT risk-based / Excluded],[0-4]
A.5.25,Assessment and decision on information security events,Organizational,[Y/N],"[Why the organisation's risks, obligations or stakeholders need this control - or, if N, why excluded and what would bring it back]",[Formula: 0=Not started; 1-2=Partial; 3-4=Implemented; N=N/A - excluded],Held: [evidence]. Required: [evidence],[Job title],[Risk ID(s) or -],[Category or -],[Vendor finding or -],[DD Mon YYYY],[Risk / Maturity gap / Vendor finding / Contractual-stakeholder - NOT risk-based / Legal - NOT risk-based / Excluded],[0-4]
A.5.26,Response to information security incidents,Organizational,[Y/N],"[Why the organisation's risks, obligations or stakeholders need this control - or, if N, why excluded and what would bring it back]",[Formula: 0=Not started; 1-2=Partial; 3-4=Implemented; N=N/A - excluded],Held: [evidence]. Required: [evidence],[Job title],[Risk ID(s) or -],[Category or -],[Vendor finding or -],[DD Mon YYYY],[Risk / Maturity gap / Vendor finding / Contractual-stakeholder - NOT risk-based / Legal - NOT risk-based / Excluded],[0-4]
A.5.27,Learning from information security incidents,Organizational,[Y/N],"[Why the organisation's risks, obligations or stakeholders need this control - or, if N, why excluded and what would bring it back]",[Formula: 0=Not started; 1-2=Partial; 3-4=Implemented; N=N/A - excluded],Held: [evidence]. Required: [evidence],[Job title],[Risk ID(s) or -],[Category or -],[Vendor finding or -],[DD Mon YYYY],[Risk / Maturity gap / Vendor finding / Contractual-stakeholder - NOT risk-based / Legal - NOT risk-based / Excluded],[0-4]
A.5.28,Collection of evidence,Organizational,[Y/N],"[Why the organisation's risks, obligations or stakeholders need this control - or, if N, why excluded and what would bring it back]",[Formula: 0=Not started; 1-2=Partial; 3-4=Implemented; N=N/A - excluded],Held: [evidence]. Required: [evidence],[Job title],[Risk ID(s) or -],[Category or -],[Vendor finding or -],[DD Mon YYYY],[Risk / Maturity gap / Vendor finding / Contractual-stakeholder - NOT risk-based / Legal - NOT risk-based / Excluded],[0-4]
A.5.29,Information security during disruption,Organizational,[Y/N],"[Why the organisation's risks, obligations or stakeholders need this control - or, if N, why excluded and what would bring it back]",[Formula: 0=Not started; 1-2=Partial; 3-4=Implemented; N=N/A - excluded],Held: [evidence]. Required: [evidence],[Job title],[Risk ID(s) or -],[Category or -],[Vendor finding or -],[DD Mon YYYY],[Risk / Maturity gap / Vendor finding / Contractual-stakeholder - NOT risk-based / Legal - NOT risk-based / Excluded],[0-4]
A.5.30,ICT readiness for business continuity,Organizational,[Y/N],"[Why the organisation's risks, obligations or stakeholders need this control - or, if N, why excluded and what would bring it back]",[Formula: 0=Not started; 1-2=Partial; 3-4=Implemented; N=N/A - excluded],Held: [evidence]. Required: [evidence],[Job title],[Risk ID(s) or -],[Category or -],[Vendor finding or -],[DD Mon YYYY],[Risk / Maturity gap / Vendor finding / Contractual-stakeholder - NOT risk-based / Legal - NOT risk-based / Excluded],[0-4]
A.5.31,"Legal, statutory, regulatory and contractual requirements",Organizational,[Y/N],"[Why the organisation's risks, obligations or stakeholders need this control - or, if N, why excluded and what would bring it back]",[Formula: 0=Not started; 1-2=Partial; 3-4=Implemented; N=N/A - excluded],Held: [evidence]. Required: [evidence],[Job title],[Risk ID(s) or -],[Category or -],[Vendor finding or -],[DD Mon YYYY],[Risk / Maturity gap / Vendor finding / Contractual-stakeholder - NOT risk-based / Legal - NOT risk-based / Excluded],[0-4]
A.5.32,Intellectual property rights,Organizational,[Y/N],"[Why the organisation's risks, obligations or stakeholders need this control - or, if N, why excluded and what would bring it back]",[Formula: 0=Not started; 1-2=Partial; 3-4=Implemented; N=N/A - excluded],Held: [evidence]. Required: [evidence],[Job title],[Risk ID(s) or -],[Category or -],[Vendor finding or -],[DD Mon YYYY],[Risk / Maturity gap / Vendor finding / Contractual-stakeholder - NOT risk-based / Legal - NOT risk-based / Excluded],[0-4]
A.5.33,Protection of records,Organizational,[Y/N],"[Why the organisation's risks, obligations or stakeholders need this control - or, if N, why excluded and what would bring it back]",[Formula: 0=Not started; 1-2=Partial; 3-4=Implemented; N=N/A - excluded],Held: [evidence]. Required: [evidence],[Job title],[Risk ID(s) or -],[Category or -],[Vendor finding or -],[DD Mon YYYY],[Risk / Maturity gap / Vendor finding / Contractual-stakeholder - NOT risk-based / Legal - NOT risk-based / Excluded],[0-4]
A.5.34,Privacy and protection of PII,Organizational,[Y/N],"[Why the organisation's risks, obligations or stakeholders need this control - or, if N, why excluded and what would bring it back]",[Formula: 0=Not started; 1-2=Partial; 3-4=Implemented; N=N/A - excluded],Held: [evidence]. Required: [evidence],[Job title],[Risk ID(s) or -],[Category or -],[Vendor finding or -],[DD Mon YYYY],[Risk / Maturity gap / Vendor finding / Contractual-stakeholder - NOT risk-based / Legal - NOT risk-based / Excluded],[0-4]
A.5.35,Independent review of information security,Organizational,[Y/N],"[Why the organisation's risks, obligations or stakeholders need this control - or, if N, why excluded and what would bring it back]",[Formula: 0=Not started; 1-2=Partial; 3-4=Implemented; N=N/A - excluded],Held: [evidence]. Required: [evidence],[Job title],[Risk ID(s) or -],[Category or -],[Vendor finding or -],[DD Mon YYYY],[Risk / Maturity gap / Vendor finding / Contractual-stakeholder - NOT risk-based / Legal - NOT risk-based / Excluded],[0-4]
A.5.36,"Compliance with policies, rules and standards for information security",Organizational,[Y/N],"[Why the organisation's risks, obligations or stakeholders need this control - or, if N, why excluded and what would bring it back]",[Formula: 0=Not started; 1-2=Partial; 3-4=Implemented; N=N/A - excluded],Held: [evidence]. Required: [evidence],[Job title],[Risk ID(s) or -],[Category or -],[Vendor finding or -],[DD Mon YYYY],[Risk / Maturity gap / Vendor finding / Contractual-stakeholder - NOT risk-based / Legal - NOT risk-based / Excluded],[0-4]
A.5.37,Documented operating procedures,Organizational,[Y/N],"[Why the organisation's risks, obligations or stakeholders need this control - or, if N, why excluded and what would bring it back]",[Formula: 0=Not started; 1-2=Partial; 3-4=Implemented; N=N/A - excluded],Held: [evidence]. Required: [evidence],[Job title],[Risk ID(s) or -],[Category or -],[Vendor finding or -],[DD Mon YYYY],[Risk / Maturity gap / Vendor finding / Contractual-stakeholder - NOT risk-based / Legal - NOT risk-based / Excluded],[0-4]
A.6.1,Screening,People,[Y/N],"[Why the organisation's risks, obligations or stakeholders need this control - or, if N, why excluded and what would bring it back]",[Formula: 0=Not started; 1-2=Partial; 3-4=Implemented; N=N/A - excluded],Held: [evidence]. Required: [evidence],[Job title],[Risk ID(s) or -],[Category or -],[Vendor finding or -],[DD Mon YYYY],[Risk / Maturity gap / Vendor finding / Contractual-stakeholder - NOT risk-based / Legal - NOT risk-based / Excluded],[0-4]
A.6.2,Terms and conditions of employment,People,[Y/N],"[Why the organisation's risks, obligations or stakeholders need this control - or, if N, why excluded and what would bring it back]",[Formula: 0=Not started; 1-2=Partial; 3-4=Implemented; N=N/A - excluded],Held: [evidence]. Required: [evidence],[Job title],[Risk ID(s) or -],[Category or -],[Vendor finding or -],[DD Mon YYYY],[Risk / Maturity gap / Vendor finding / Contractual-stakeholder - NOT risk-based / Legal - NOT risk-based / Excluded],[0-4]
A.6.3,"Information security awareness, education and training",People,[Y/N],"[Why the organisation's risks, obligations or stakeholders need this control - or, if N, why excluded and what would bring it back]",[Formula: 0=Not started; 1-2=Partial; 3-4=Implemented; N=N/A - excluded],Held: [evidence]. Required: [evidence],[Job title],[Risk ID(s) or -],[Category or -],[Vendor finding or -],[DD Mon YYYY],[Risk / Maturity gap / Vendor finding / Contractual-stakeholder - NOT risk-based / Legal - NOT risk-based / Excluded],[0-4]
A.6.4,Disciplinary process,People,[Y/N],"[Why the organisation's risks, obligations or stakeholders need this control - or, if N, why excluded and what would bring it back]",[Formula: 0=Not started; 1-2=Partial; 3-4=Implemented; N=N/A - excluded],Held: [evidence]. Required: [evidence],[Job title],[Risk ID(s) or -],[Category or -],[Vendor finding or -],[DD Mon YYYY],[Risk / Maturity gap / Vendor finding / Contractual-stakeholder - NOT risk-based / Legal - NOT risk-based / Excluded],[0-4]
A.6.5,Responsibilities after termination or change of employment,People,[Y/N],"[Why the organisation's risks, obligations or stakeholders need this control - or, if N, why excluded and what would bring it back]",[Formula: 0=Not started; 1-2=Partial; 3-4=Implemented; N=N/A - excluded],Held: [evidence]. Required: [evidence],[Job title],[Risk ID(s) or -],[Category or -],[Vendor finding or -],[DD Mon YYYY],[Risk / Maturity gap / Vendor finding / Contractual-stakeholder - NOT risk-based / Legal - NOT risk-based / Excluded],[0-4]
A.6.6,Confidentiality or non-disclosure agreements,People,[Y/N],"[Why the organisation's risks, obligations or stakeholders need this control - or, if N, why excluded and what would bring it back]",[Formula: 0=Not started; 1-2=Partial; 3-4=Implemented; N=N/A - excluded],Held: [evidence]. Required: [evidence],[Job title],[Risk ID(s) or -],[Category or -],[Vendor finding or -],[DD Mon YYYY],[Risk / Maturity gap / Vendor finding / Contractual-stakeholder - NOT risk-based / Legal - NOT risk-based / Excluded],[0-4]
A.6.7,Remote working,People,[Y/N],"[Why the organisation's risks, obligations or stakeholders need this control - or, if N, why excluded and what would bring it back]",[Formula: 0=Not started; 1-2=Partial; 3-4=Implemented; N=N/A - excluded],Held: [evidence]. Required: [evidence],[Job title],[Risk ID(s) or -],[Category or -],[Vendor finding or -],[DD Mon YYYY],[Risk / Maturity gap / Vendor finding / Contractual-stakeholder - NOT risk-based / Legal - NOT risk-based / Excluded],[0-4]
A.6.8,Information security event reporting,People,[Y/N],"[Why the organisation's risks, obligations or stakeholders need this control - or, if N, why excluded and what would bring it back]",[Formula: 0=Not started; 1-2=Partial; 3-4=Implemented; N=N/A - excluded],Held: [evidence]. Required: [evidence],[Job title],[Risk ID(s) or -],[Category or -],[Vendor finding or -],[DD Mon YYYY],[Risk / Maturity gap / Vendor finding / Contractual-stakeholder - NOT risk-based / Legal - NOT risk-based / Excluded],[0-4]
A.7.1,Physical security perimeters,Physical,[Y/N],"[Why the organisation's risks, obligations or stakeholders need this control - or, if N, why excluded and what would bring it back]",[Formula: 0=Not started; 1-2=Partial; 3-4=Implemented; N=N/A - excluded],Held: [evidence]. Required: [evidence],[Job title],[Risk ID(s) or -],[Category or -],[Vendor finding or -],[DD Mon YYYY],[Risk / Maturity gap / Vendor finding / Contractual-stakeholder - NOT risk-based / Legal - NOT risk-based / Excluded],[0-4]
A.7.2,Physical entry,Physical,[Y/N],"[Why the organisation's risks, obligations or stakeholders need this control - or, if N, why excluded and what would bring it back]",[Formula: 0=Not started; 1-2=Partial; 3-4=Implemented; N=N/A - excluded],Held: [evidence]. Required: [evidence],[Job title],[Risk ID(s) or -],[Category or -],[Vendor finding or -],[DD Mon YYYY],[Risk / Maturity gap / Vendor finding / Contractual-stakeholder - NOT risk-based / Legal - NOT risk-based / Excluded],[0-4]
A.7.3,"Securing offices, rooms and facilities",Physical,[Y/N],"[Why the organisation's risks, obligations or stakeholders need this control - or, if N, why excluded and what would bring it back]",[Formula: 0=Not started; 1-2=Partial; 3-4=Implemented; N=N/A - excluded],Held: [evidence]. Required: [evidence],[Job title],[Risk ID(s) or -],[Category or -],[Vendor finding or -],[DD Mon YYYY],[Risk / Maturity gap / Vendor finding / Contractual-stakeholder - NOT risk-based / Legal - NOT risk-based / Excluded],[0-4]
A.7.4,Physical security monitoring,Physical,[Y/N],"[Why the organisation's risks, obligations or stakeholders need this control - or, if N, why excluded and what would bring it back]",[Formula: 0=Not started; 1-2=Partial; 3-4=Implemented; N=N/A - excluded],Held: [evidence]. Required: [evidence],[Job title],[Risk ID(s) or -],[Category or -],[Vendor finding or -],[DD Mon YYYY],[Risk / Maturity gap / Vendor finding / Contractual-stakeholder - NOT risk-based / Legal - NOT risk-based / Excluded],[0-4]
A.7.5,Protecting against physical and environmental threats,Physical,[Y/N],"[Why the organisation's risks, obligations or stakeholders need this control - or, if N, why excluded and what would bring it back]",[Formula: 0=Not started; 1-2=Partial; 3-4=Implemented; N=N/A - excluded],Held: [evidence]. Required: [evidence],[Job title],[Risk ID(s) or -],[Category or -],[Vendor finding or -],[DD Mon YYYY],[Risk / Maturity gap / Vendor finding / Contractual-stakeholder - NOT risk-based / Legal - NOT risk-based / Excluded],[0-4]
A.7.6,Working in secure areas,Physical,[Y/N],"[Why the organisation's risks, obligations or stakeholders need this control - or, if N, why excluded and what would bring it back]",[Formula: 0=Not started; 1-2=Partial; 3-4=Implemented; N=N/A - excluded],Held: [evidence]. Required: [evidence],[Job title],[Risk ID(s) or -],[Category or -],[Vendor finding or -],[DD Mon YYYY],[Risk / Maturity gap / Vendor finding / Contractual-stakeholder - NOT risk-based / Legal - NOT risk-based / Excluded],[0-4]
A.7.7,Clear desk and clear screen,Physical,[Y/N],"[Why the organisation's risks, obligations or stakeholders need this control - or, if N, why excluded and what would bring it back]",[Formula: 0=Not started; 1-2=Partial; 3-4=Implemented; N=N/A - excluded],Held: [evidence]. Required: [evidence],[Job title],[Risk ID(s) or -],[Category or -],[Vendor finding or -],[DD Mon YYYY],[Risk / Maturity gap / Vendor finding / Contractual-stakeholder - NOT risk-based / Legal - NOT risk-based / Excluded],[0-4]
A.7.8,Equipment siting and protection,Physical,[Y/N],"[Why the organisation's risks, obligations or stakeholders need this control - or, if N, why excluded and what would bring it back]",[Formula: 0=Not started; 1-2=Partial; 3-4=Implemented; N=N/A - excluded],Held: [evidence]. Required: [evidence],[Job title],[Risk ID(s) or -],[Category or -],[Vendor finding or -],[DD Mon YYYY],[Risk / Maturity gap / Vendor finding / Contractual-stakeholder - NOT risk-based / Legal - NOT risk-based / Excluded],[0-4]
A.7.9,Security of assets off-premises,Physical,[Y/N],"[Why the organisation's risks, obligations or stakeholders need this control - or, if N, why excluded and what would bring it back]",[Formula: 0=Not started; 1-2=Partial; 3-4=Implemented; N=N/A - excluded],Held: [evidence]. Required: [evidence],[Job title],[Risk ID(s) or -],[Category or -],[Vendor finding or -],[DD Mon YYYY],[Risk / Maturity gap / Vendor finding / Contractual-stakeholder - NOT risk-based / Legal - NOT risk-based / Excluded],[0-4]
A.7.10,Storage media,Physical,[Y/N],"[Why the organisation's risks, obligations or stakeholders need this control - or, if N, why excluded and what would bring it back]",[Formula: 0=Not started; 1-2=Partial; 3-4=Implemented; N=N/A - excluded],Held: [evidence]. Required: [evidence],[Job title],[Risk ID(s) or -],[Category or -],[Vendor finding or -],[DD Mon YYYY],[Risk / Maturity gap / Vendor finding / Contractual-stakeholder - NOT risk-based / Legal - NOT risk-based / Excluded],[0-4]
A.7.11,Supporting utilities,Physical,[Y/N],"[Why the organisation's risks, obligations or stakeholders need this control - or, if N, why excluded and what would bring it back]",[Formula: 0=Not started; 1-2=Partial; 3-4=Implemented; N=N/A - excluded],Held: [evidence]. Required: [evidence],[Job title],[Risk ID(s) or -],[Category or -],[Vendor finding or -],[DD Mon YYYY],[Risk / Maturity gap / Vendor finding / Contractual-stakeholder - NOT risk-based / Legal - NOT risk-based / Excluded],[0-4]
A.7.12,Cabling security,Physical,[Y/N],"[Why the organisation's risks, obligations or stakeholders need this control - or, if N, why excluded and what would bring it back]",[Formula: 0=Not started; 1-2=Partial; 3-4=Implemented; N=N/A - excluded],Held: [evidence]. Required: [evidence],[Job title],[Risk ID(s) or -],[Category or -],[Vendor finding or -],[DD Mon YYYY],[Risk / Maturity gap / Vendor finding / Contractual-stakeholder - NOT risk-based / Legal - NOT risk-based / Excluded],[0-4]
A.7.13,Equipment maintenance,Physical,[Y/N],"[Why the organisation's risks, obligations or stakeholders need this control - or, if N, why excluded and what would bring it back]",[Formula: 0=Not started; 1-2=Partial; 3-4=Implemented; N=N/A - excluded],Held: [evidence]. Required: [evidence],[Job title],[Risk ID(s) or -],[Category or -],[Vendor finding or -],[DD Mon YYYY],[Risk / Maturity gap / Vendor finding / Contractual-stakeholder - NOT risk-based / Legal - NOT risk-based / Excluded],[0-4]
A.7.14,Secure disposal or re-use of equipment,Physical,[Y/N],"[Why the organisation's risks, obligations or stakeholders need this control - or, if N, why excluded and what would bring it back]",[Formula: 0=Not started; 1-2=Partial; 3-4=Implemented; N=N/A - excluded],Held: [evidence]. Required: [evidence],[Job title],[Risk ID(s) or -],[Category or -],[Vendor finding or -],[DD Mon YYYY],[Risk / Maturity gap / Vendor finding / Contractual-stakeholder - NOT risk-based / Legal - NOT risk-based / Excluded],[0-4]
A.8.1,User endpoint devices,Technological,[Y/N],"[Why the organisation's risks, obligations or stakeholders need this control - or, if N, why excluded and what would bring it back]",[Formula: 0=Not started; 1-2=Partial; 3-4=Implemented; N=N/A - excluded],Held: [evidence]. Required: [evidence],[Job title],[Risk ID(s) or -],[Category or -],[Vendor finding or -],[DD Mon YYYY],[Risk / Maturity gap / Vendor finding / Contractual-stakeholder - NOT risk-based / Legal - NOT risk-based / Excluded],[0-4]
A.8.2,Privileged access rights,Technological,[Y/N],"[Why the organisation's risks, obligations or stakeholders need this control - or, if N, why excluded and what would bring it back]",[Formula: 0=Not started; 1-2=Partial; 3-4=Implemented; N=N/A - excluded],Held: [evidence]. Required: [evidence],[Job title],[Risk ID(s) or -],[Category or -],[Vendor finding or -],[DD Mon YYYY],[Risk / Maturity gap / Vendor finding / Contractual-stakeholder - NOT risk-based / Legal - NOT risk-based / Excluded],[0-4]
A.8.3,Information access restriction,Technological,[Y/N],"[Why the organisation's risks, obligations or stakeholders need this control - or, if N, why excluded and what would bring it back]",[Formula: 0=Not started; 1-2=Partial; 3-4=Implemented; N=N/A - excluded],Held: [evidence]. Required: [evidence],[Job title],[Risk ID(s) or -],[Category or -],[Vendor finding or -],[DD Mon YYYY],[Risk / Maturity gap / Vendor finding / Contractual-stakeholder - NOT risk-based / Legal - NOT risk-based / Excluded],[0-4]
A.8.4,Access to source code,Technological,[Y/N],"[Why the organisation's risks, obligations or stakeholders need this control - or, if N, why excluded and what would bring it back]",[Formula: 0=Not started; 1-2=Partial; 3-4=Implemented; N=N/A - excluded],Held: [evidence]. Required: [evidence],[Job title],[Risk ID(s) or -],[Category or -],[Vendor finding or -],[DD Mon YYYY],[Risk / Maturity gap / Vendor finding / Contractual-stakeholder - NOT risk-based / Legal - NOT risk-based / Excluded],[0-4]
A.8.5,Secure authentication,Technological,[Y/N],"[Why the organisation's risks, obligations or stakeholders need this control - or, if N, why excluded and what would bring it back]",[Formula: 0=Not started; 1-2=Partial; 3-4=Implemented; N=N/A - excluded],Held: [evidence]. Required: [evidence],[Job title],[Risk ID(s) or -],[Category or -],[Vendor finding or -],[DD Mon YYYY],[Risk / Maturity gap / Vendor finding / Contractual-stakeholder - NOT risk-based / Legal - NOT risk-based / Excluded],[0-4]
A.8.6,Capacity management,Technological,[Y/N],"[Why the organisation's risks, obligations or stakeholders need this control - or, if N, why excluded and what would bring it back]",[Formula: 0=Not started; 1-2=Partial; 3-4=Implemented; N=N/A - excluded],Held: [evidence]. Required: [evidence],[Job title],[Risk ID(s) or -],[Category or -],[Vendor finding or -],[DD Mon YYYY],[Risk / Maturity gap / Vendor finding / Contractual-stakeholder - NOT risk-based / Legal - NOT risk-based / Excluded],[0-4]
A.8.7,Protection against malware,Technological,[Y/N],"[Why the organisation's risks, obligations or stakeholders need this control - or, if N, why excluded and what would bring it back]",[Formula: 0=Not started; 1-2=Partial; 3-4=Implemented; N=N/A - excluded],Held: [evidence]. Required: [evidence],[Job title],[Risk ID(s) or -],[Category or -],[Vendor finding or -],[DD Mon YYYY],[Risk / Maturity gap / Vendor finding / Contractual-stakeholder - NOT risk-based / Legal - NOT risk-based / Excluded],[0-4]
A.8.8,Management of technical vulnerabilities,Technological,[Y/N],"[Why the organisation's risks, obligations or stakeholders need this control - or, if N, why excluded and what would bring it back]",[Formula: 0=Not started; 1-2=Partial; 3-4=Implemented; N=N/A - excluded],Held: [evidence]. Required: [evidence],[Job title],[Risk ID(s) or -],[Category or -],[Vendor finding or -],[DD Mon YYYY],[Risk / Maturity gap / Vendor finding / Contractual-stakeholder - NOT risk-based / Legal - NOT risk-based / Excluded],[0-4]
A.8.9,Configuration management,Technological,[Y/N],"[Why the organisation's risks, obligations or stakeholders need this control - or, if N, why excluded and what would bring it back]",[Formula: 0=Not started; 1-2=Partial; 3-4=Implemented; N=N/A - excluded],Held: [evidence]. Required: [evidence],[Job title],[Risk ID(s) or -],[Category or -],[Vendor finding or -],[DD Mon YYYY],[Risk / Maturity gap / Vendor finding / Contractual-stakeholder - NOT risk-based / Legal - NOT risk-based / Excluded],[0-4]
A.8.10,Information deletion,Technological,[Y/N],"[Why the organisation's risks, obligations or stakeholders need this control - or, if N, why excluded and what would bring it back]",[Formula: 0=Not started; 1-2=Partial; 3-4=Implemented; N=N/A - excluded],Held: [evidence]. Required: [evidence],[Job title],[Risk ID(s) or -],[Category or -],[Vendor finding or -],[DD Mon YYYY],[Risk / Maturity gap / Vendor finding / Contractual-stakeholder - NOT risk-based / Legal - NOT risk-based / Excluded],[0-4]
A.8.11,Data masking,Technological,[Y/N],"[Why the organisation's risks, obligations or stakeholders need this control - or, if N, why excluded and what would bring it back]",[Formula: 0=Not started; 1-2=Partial; 3-4=Implemented; N=N/A - excluded],Held: [evidence]. Required: [evidence],[Job title],[Risk ID(s) or -],[Category or -],[Vendor finding or -],[DD Mon YYYY],[Risk / Maturity gap / Vendor finding / Contractual-stakeholder - NOT risk-based / Legal - NOT risk-based / Excluded],[0-4]
A.8.12,Data leakage prevention,Technological,[Y/N],"[Why the organisation's risks, obligations or stakeholders need this control - or, if N, why excluded and what would bring it back]",[Formula: 0=Not started; 1-2=Partial; 3-4=Implemented; N=N/A - excluded],Held: [evidence]. Required: [evidence],[Job title],[Risk ID(s) or -],[Category or -],[Vendor finding or -],[DD Mon YYYY],[Risk / Maturity gap / Vendor finding / Contractual-stakeholder - NOT risk-based / Legal - NOT risk-based / Excluded],[0-4]
A.8.13,Information backup,Technological,Y,"[EXAMPLE] Seatbelt control for R-002 ransomware: acts after the event to limit impact. Snapshots exist but no restore has been tested, so no credit is taken.",Partial,Held: [backup configuration]. Required: [backup policy; dated restore test],IT Operations Manager,[R-002],[PR.IR; RC.RP],[F-013],[15 Dec 2026],Risk + Maturity gap + Vendor finding,1
A.8.14,Redundancy of information processing facilities,Technological,[Y/N],"[Why the organisation's risks, obligations or stakeholders need this control - or, if N, why excluded and what would bring it back]",[Formula: 0=Not started; 1-2=Partial; 3-4=Implemented; N=N/A - excluded],Held: [evidence]. Required: [evidence],[Job title],[Risk ID(s) or -],[Category or -],[Vendor finding or -],[DD Mon YYYY],[Risk / Maturity gap / Vendor finding / Contractual-stakeholder - NOT risk-based / Legal - NOT risk-based / Excluded],[0-4]
A.8.15,Logging,Technological,[Y/N],"[Why the organisation's risks, obligations or stakeholders need this control - or, if N, why excluded and what would bring it back]",[Formula: 0=Not started; 1-2=Partial; 3-4=Implemented; N=N/A - excluded],Held: [evidence]. Required: [evidence],[Job title],[Risk ID(s) or -],[Category or -],[Vendor finding or -],[DD Mon YYYY],[Risk / Maturity gap / Vendor finding / Contractual-stakeholder - NOT risk-based / Legal - NOT risk-based / Excluded],[0-4]
A.8.16,Monitoring activities,Technological,[Y/N],"[Why the organisation's risks, obligations or stakeholders need this control - or, if N, why excluded and what would bring it back]",[Formula: 0=Not started; 1-2=Partial; 3-4=Implemented; N=N/A - excluded],Held: [evidence]. Required: [evidence],[Job title],[Risk ID(s) or -],[Category or -],[Vendor finding or -],[DD Mon YYYY],[Risk / Maturity gap / Vendor finding / Contractual-stakeholder - NOT risk-based / Legal - NOT risk-based / Excluded],[0-4]
A.8.17,Clock synchronization,Technological,[Y/N],"[Why the organisation's risks, obligations or stakeholders need this control - or, if N, why excluded and what would bring it back]",[Formula: 0=Not started; 1-2=Partial; 3-4=Implemented; N=N/A - excluded],Held: [evidence]. Required: [evidence],[Job title],[Risk ID(s) or -],[Category or -],[Vendor finding or -],[DD Mon YYYY],[Risk / Maturity gap / Vendor finding / Contractual-stakeholder - NOT risk-based / Legal - NOT risk-based / Excluded],[0-4]
A.8.18,Use of privileged utility programs,Technological,[Y/N],"[Why the organisation's risks, obligations or stakeholders need this control - or, if N, why excluded and what would bring it back]",[Formula: 0=Not started; 1-2=Partial; 3-4=Implemented; N=N/A - excluded],Held: [evidence]. Required: [evidence],[Job title],[Risk ID(s) or -],[Category or -],[Vendor finding or -],[DD Mon YYYY],[Risk / Maturity gap / Vendor finding / Contractual-stakeholder - NOT risk-based / Legal - NOT risk-based / Excluded],[0-4]
A.8.19,Installation of software on operational systems,Technological,[Y/N],"[Why the organisation's risks, obligations or stakeholders need this control - or, if N, why excluded and what would bring it back]",[Formula: 0=Not started; 1-2=Partial; 3-4=Implemented; N=N/A - excluded],Held: [evidence]. Required: [evidence],[Job title],[Risk ID(s) or -],[Category or -],[Vendor finding or -],[DD Mon YYYY],[Risk / Maturity gap / Vendor finding / Contractual-stakeholder - NOT risk-based / Legal - NOT risk-based / Excluded],[0-4]
A.8.20,Networks security,Technological,[Y/N],"[Why the organisation's risks, obligations or stakeholders need this control - or, if N, why excluded and what would bring it back]",[Formula: 0=Not started; 1-2=Partial; 3-4=Implemented; N=N/A - excluded],Held: [evidence]. Required: [evidence],[Job title],[Risk ID(s) or -],[Category or -],[Vendor finding or -],[DD Mon YYYY],[Risk / Maturity gap / Vendor finding / Contractual-stakeholder - NOT risk-based / Legal - NOT risk-based / Excluded],[0-4]
A.8.21,Security of network services,Technological,[Y/N],"[Why the organisation's risks, obligations or stakeholders need this control - or, if N, why excluded and what would bring it back]",[Formula: 0=Not started; 1-2=Partial; 3-4=Implemented; N=N/A - excluded],Held: [evidence]. Required: [evidence],[Job title],[Risk ID(s) or -],[Category or -],[Vendor finding or -],[DD Mon YYYY],[Risk / Maturity gap / Vendor finding / Contractual-stakeholder - NOT risk-based / Legal - NOT risk-based / Excluded],[0-4]
A.8.22,Segregation of networks,Technological,[Y/N],"[Why the organisation's risks, obligations or stakeholders need this control - or, if N, why excluded and what would bring it back]",[Formula: 0=Not started; 1-2=Partial; 3-4=Implemented; N=N/A - excluded],Held: [evidence]. Required: [evidence],[Job title],[Risk ID(s) or -],[Category or -],[Vendor finding or -],[DD Mon YYYY],[Risk / Maturity gap / Vendor finding / Contractual-stakeholder - NOT risk-based / Legal - NOT risk-based / Excluded],[0-4]
A.8.23,Web filtering,Technological,[Y/N],"[Why the organisation's risks, obligations or stakeholders need this control - or, if N, why excluded and what would bring it back]",[Formula: 0=Not started; 1-2=Partial; 3-4=Implemented; N=N/A - excluded],Held: [evidence]. Required: [evidence],[Job title],[Risk ID(s) or -],[Category or -],[Vendor finding or -],[DD Mon YYYY],[Risk / Maturity gap / Vendor finding / Contractual-stakeholder - NOT risk-based / Legal - NOT risk-based / Excluded],[0-4]
A.8.24,Use of cryptography,Technological,[Y/N],"[Why the organisation's risks, obligations or stakeholders need this control - or, if N, why excluded and what would bring it back]",[Formula: 0=Not started; 1-2=Partial; 3-4=Implemented; N=N/A - excluded],Held: [evidence]. Required: [evidence],[Job title],[Risk ID(s) or -],[Category or -],[Vendor finding or -],[DD Mon YYYY],[Risk / Maturity gap / Vendor finding / Contractual-stakeholder - NOT risk-based / Legal - NOT risk-based / Excluded],[0-4]
A.8.25,Secure development life cycle,Technological,[Y/N],"[Why the organisation's risks, obligations or stakeholders need this control - or, if N, why excluded and what would bring it back]",[Formula: 0=Not started; 1-2=Partial; 3-4=Implemented; N=N/A - excluded],Held: [evidence]. Required: [evidence],[Job title],[Risk ID(s) or -],[Category or -],[Vendor finding or -],[DD Mon YYYY],[Risk / Maturity gap / Vendor finding / Contractual-stakeholder - NOT risk-based / Legal - NOT risk-based / Excluded],[0-4]
A.8.26,Application security requirements,Technological,[Y/N],"[Why the organisation's risks, obligations or stakeholders need this control - or, if N, why excluded and what would bring it back]",[Formula: 0=Not started; 1-2=Partial; 3-4=Implemented; N=N/A - excluded],Held: [evidence]. Required: [evidence],[Job title],[Risk ID(s) or -],[Category or -],[Vendor finding or -],[DD Mon YYYY],[Risk / Maturity gap / Vendor finding / Contractual-stakeholder - NOT risk-based / Legal - NOT risk-based / Excluded],[0-4]
A.8.27,Secure system architecture and engineering principles,Technological,[Y/N],"[Why the organisation's risks, obligations or stakeholders need this control - or, if N, why excluded and what would bring it back]",[Formula: 0=Not started; 1-2=Partial; 3-4=Implemented; N=N/A - excluded],Held: [evidence]. Required: [evidence],[Job title],[Risk ID(s) or -],[Category or -],[Vendor finding or -],[DD Mon YYYY],[Risk / Maturity gap / Vendor finding / Contractual-stakeholder - NOT risk-based / Legal - NOT risk-based / Excluded],[0-4]
A.8.28,Secure coding,Technological,[Y/N],"[Why the organisation's risks, obligations or stakeholders need this control - or, if N, why excluded and what would bring it back]",[Formula: 0=Not started; 1-2=Partial; 3-4=Implemented; N=N/A - excluded],Held: [evidence]. Required: [evidence],[Job title],[Risk ID(s) or -],[Category or -],[Vendor finding or -],[DD Mon YYYY],[Risk / Maturity gap / Vendor finding / Contractual-stakeholder - NOT risk-based / Legal - NOT risk-based / Excluded],[0-4]
A.8.29,Security testing in development and acceptance,Technological,[Y/N],"[Why the organisation's risks, obligations or stakeholders need this control - or, if N, why excluded and what would bring it back]",[Formula: 0=Not started; 1-2=Partial; 3-4=Implemented; N=N/A - excluded],Held: [evidence]. Required: [evidence],[Job title],[Risk ID(s) or -],[Category or -],[Vendor finding or -],[DD Mon YYYY],[Risk / Maturity gap / Vendor finding / Contractual-stakeholder - NOT risk-based / Legal - NOT risk-based / Excluded],[0-4]
A.8.30,Outsourced development,Technological,[Y/N],"[Why the organisation's risks, obligations or stakeholders need this control - or, if N, why excluded and what would bring it back]",[Formula: 0=Not started; 1-2=Partial; 3-4=Implemented; N=N/A - excluded],Held: [evidence]. Required: [evidence],[Job title],[Risk ID(s) or -],[Category or -],[Vendor finding or -],[DD Mon YYYY],[Risk / Maturity gap / Vendor finding / Contractual-stakeholder - NOT risk-based / Legal - NOT risk-based / Excluded],[0-4]
A.8.31,"Separation of development, test and production environments",Technological,[Y/N],"[Why the organisation's risks, obligations or stakeholders need this control - or, if N, why excluded and what would bring it back]",[Formula: 0=Not started; 1-2=Partial; 3-4=Implemented; N=N/A - excluded],Held: [evidence]. Required: [evidence],[Job title],[Risk ID(s) or -],[Category or -],[Vendor finding or -],[DD Mon YYYY],[Risk / Maturity gap / Vendor finding / Contractual-stakeholder - NOT risk-based / Legal - NOT risk-based / Excluded],[0-4]
A.8.32,Change management,Technological,[Y/N],"[Why the organisation's risks, obligations or stakeholders need this control - or, if N, why excluded and what would bring it back]",[Formula: 0=Not started; 1-2=Partial; 3-4=Implemented; N=N/A - excluded],Held: [evidence]. Required: [evidence],[Job title],[Risk ID(s) or -],[Category or -],[Vendor finding or -],[DD Mon YYYY],[Risk / Maturity gap / Vendor finding / Contractual-stakeholder - NOT risk-based / Legal - NOT risk-based / Excluded],[0-4]
A.8.33,Test information,Technological,[Y/N],"[Why the organisation's risks, obligations or stakeholders need this control - or, if N, why excluded and what would bring it back]",[Formula: 0=Not started; 1-2=Partial; 3-4=Implemented; N=N/A - excluded],Held: [evidence]. Required: [evidence],[Job title],[Risk ID(s) or -],[Category or -],[Vendor finding or -],[DD Mon YYYY],[Risk / Maturity gap / Vendor finding / Contractual-stakeholder - NOT risk-based / Legal - NOT risk-based / Excluded],[0-4]
A.8.34,Protection of information systems during audit testing,Technological,[Y/N],"[Why the organisation's risks, obligations or stakeholders need this control - or, if N, why excluded and what would bring it back]",[Formula: 0=Not started; 1-2=Partial; 3-4=Implemented; N=N/A - excluded],Held: [evidence]. Required: [evidence],[Job title],[Risk ID(s) or -],[Category or -],[Vendor finding or -],[DD Mon YYYY],[Risk / Maturity gap / Vendor finding / Contractual-stakeholder - NOT risk-based / Legal - NOT risk-based / Excluded],[0-4]
