PBC ID,Area,Evidence requested,Format,Period,Owner (job title),Due,Status,Feeds workpaper
PBC-01,Governance,[Approved scope statement signed by top management],[PDF / XLSX / export / screenshot],[Period or as-at date],[Job title],[YYYY-MM-DD],[Received / Partial / Not available - reason],[WP-nn]
PBC-02,Governance,"[Information security policy, approved and communicated]",[PDF / XLSX / export / screenshot],[Period or as-at date],[Job title],[YYYY-MM-DD],[Received / Partial / Not available - reason],[WP-nn]
PBC-03,Risk,[Risk assessment results and the risk acceptance criteria],[PDF / XLSX / export / screenshot],[Period or as-at date],[Job title],[YYYY-MM-DD],[Received / Partial / Not available - reason],[WP-nn]
PBC-04,Risk,[Risk treatment plan with owner and date per action],[PDF / XLSX / export / screenshot],[Period or as-at date],[Job title],[YYYY-MM-DD],[Received / Partial / Not available - reason],[WP-nn]
PBC-05,Access,"[User access review record, dated and signed, for the period]",[PDF / XLSX / export / screenshot],[Period or as-at date],[Job title],[YYYY-MM-DD],[Received / Partial / Not available - reason],[WP-nn]
PBC-06,Access,"[Joiner, mover and leaver records for the period]",[PDF / XLSX / export / screenshot],[Period or as-at date],[Job title],[YYYY-MM-DD],[Received / Partial / Not available - reason],[WP-nn]
PBC-07,Change,[Change approval records for a sample of production changes],[PDF / XLSX / export / screenshot],[Period or as-at date],[Job title],[YYYY-MM-DD],[Received / Partial / Not available - reason],[WP-nn]
PBC-08,Operations,[Backup restore test report],[PDF / XLSX / export / screenshot],[Period or as-at date],[Job title],[YYYY-MM-DD],[Received / Partial / Not available - reason],[WP-nn]
PBC-09,Monitoring,[Alert configuration export and a sample of handled alerts],[PDF / XLSX / export / screenshot],[Period or as-at date],[Job title],[YYYY-MM-DD],[Received / Partial / Not available - reason],[WP-nn]
PBC-10,Incidents,[Incident register and one post-incident review],[PDF / XLSX / export / screenshot],[Period or as-at date],[Job title],[YYYY-MM-DD],[Received / Partial / Not available - reason],[WP-nn]
PBC-11,Suppliers,"[Vendor register, assurance artifacts and executed data processing agreements]",[PDF / XLSX / export / screenshot],[Period or as-at date],[Job title],[YYYY-MM-DD],[Received / Partial / Not available - reason],[WP-nn]
PBC-12,People,[Awareness training completion records],[PDF / XLSX / export / screenshot],[Period or as-at date],[Job title],[YYYY-MM-DD],[Received / Partial / Not available - reason],[WP-nn]
PBC-13,Oversight,[Management review minutes and internal audit report],[PDF / XLSX / export / screenshot],[Period or as-at date],[Job title],[YYYY-MM-DD],[Received / Partial / Not available - reason],[WP-nn]
PBC-14,SOC 2,"[Draft system description, management assertion and CUEC schedule]",[PDF / XLSX / export / screenshot],[Period or as-at date],[Job title],[YYYY-MM-DD],[Received / Partial / Not available - reason],[WP-nn]
