Criterion,TSC category,Criteria group,Criterion (paraphrase from your licensed copy),Mapped control IDs,Mapped clause or policy requirements,Items scored,Mean mapped maturity,Zero-maturity items,CRL (0-3),Design verdict,Operating verdict,Design holes (items at maturity 0),Notes
CC1.1,Security,CC1 Control Environment,[Paraphrase the criterion],"[Control IDs, semicolon separated]",[Clause or policy references],[n],[0.00],[n],[0-3],[Adequate / Deficient],[Evidenced / Not evidenced],"[IDs at maturity 0, or -]",[Evidence to obtain]
CC1.2,Security,CC1 Control Environment,[Paraphrase the criterion],"[Control IDs, semicolon separated]",[Clause or policy references],[n],[0.00],[n],[0-3],[Adequate / Deficient],[Evidenced / Not evidenced],"[IDs at maturity 0, or -]",[Evidence to obtain]
CC1.3,Security,CC1 Control Environment,[Paraphrase the criterion],"[Control IDs, semicolon separated]",[Clause or policy references],[n],[0.00],[n],[0-3],[Adequate / Deficient],[Evidenced / Not evidenced],"[IDs at maturity 0, or -]",[Evidence to obtain]
CC1.4,Security,CC1 Control Environment,[Paraphrase the criterion],"[Control IDs, semicolon separated]",[Clause or policy references],[n],[0.00],[n],[0-3],[Adequate / Deficient],[Evidenced / Not evidenced],"[IDs at maturity 0, or -]",[Evidence to obtain]
CC1.5,Security,CC1 Control Environment,[Paraphrase the criterion],"[Control IDs, semicolon separated]",[Clause or policy references],[n],[0.00],[n],[0-3],[Adequate / Deficient],[Evidenced / Not evidenced],"[IDs at maturity 0, or -]",[Evidence to obtain]
CC2.1,Security,CC2 Communication and Information,[Paraphrase the criterion],"[Control IDs, semicolon separated]",[Clause or policy references],[n],[0.00],[n],[0-3],[Adequate / Deficient],[Evidenced / Not evidenced],"[IDs at maturity 0, or -]",[Evidence to obtain]
CC2.2,Security,CC2 Communication and Information,[Paraphrase the criterion],"[Control IDs, semicolon separated]",[Clause or policy references],[n],[0.00],[n],[0-3],[Adequate / Deficient],[Evidenced / Not evidenced],"[IDs at maturity 0, or -]",[Evidence to obtain]
CC2.3,Security,CC2 Communication and Information,[Paraphrase the criterion],"[Control IDs, semicolon separated]",[Clause or policy references],[n],[0.00],[n],[0-3],[Adequate / Deficient],[Evidenced / Not evidenced],"[IDs at maturity 0, or -]",[Evidence to obtain]
CC3.1,Security,CC3 Risk Assessment,[Paraphrase the criterion],"[Control IDs, semicolon separated]",[Clause or policy references],[n],[0.00],[n],[0-3],[Adequate / Deficient],[Evidenced / Not evidenced],"[IDs at maturity 0, or -]",[Evidence to obtain]
CC3.2,Security,CC3 Risk Assessment,[Paraphrase the criterion],"[Control IDs, semicolon separated]",[Clause or policy references],[n],[0.00],[n],[0-3],[Adequate / Deficient],[Evidenced / Not evidenced],"[IDs at maturity 0, or -]",[Evidence to obtain]
CC3.3,Security,CC3 Risk Assessment,[Paraphrase the criterion],"[Control IDs, semicolon separated]",[Clause or policy references],[n],[0.00],[n],[0-3],[Adequate / Deficient],[Evidenced / Not evidenced],"[IDs at maturity 0, or -]",[Evidence to obtain]
CC3.4,Security,CC3 Risk Assessment,[Paraphrase the criterion],"[Control IDs, semicolon separated]",[Clause or policy references],[n],[0.00],[n],[0-3],[Adequate / Deficient],[Evidenced / Not evidenced],"[IDs at maturity 0, or -]",[Evidence to obtain]
CC4.1,Security,CC4 Monitoring Activities,[Paraphrase the criterion],"[Control IDs, semicolon separated]",[Clause or policy references],[n],[0.00],[n],[0-3],[Adequate / Deficient],[Evidenced / Not evidenced],"[IDs at maturity 0, or -]",[Evidence to obtain]
CC4.2,Security,CC4 Monitoring Activities,[Paraphrase the criterion],"[Control IDs, semicolon separated]",[Clause or policy references],[n],[0.00],[n],[0-3],[Adequate / Deficient],[Evidenced / Not evidenced],"[IDs at maturity 0, or -]",[Evidence to obtain]
CC5.1,Security,CC5 Control Activities,[Paraphrase the criterion],"[Control IDs, semicolon separated]",[Clause or policy references],[n],[0.00],[n],[0-3],[Adequate / Deficient],[Evidenced / Not evidenced],"[IDs at maturity 0, or -]",[Evidence to obtain]
CC5.2,Security,CC5 Control Activities,[Paraphrase the criterion],"[Control IDs, semicolon separated]",[Clause or policy references],[n],[0.00],[n],[0-3],[Adequate / Deficient],[Evidenced / Not evidenced],"[IDs at maturity 0, or -]",[Evidence to obtain]
CC5.3,Security,CC5 Control Activities,[Paraphrase the criterion],"[Control IDs, semicolon separated]",[Clause or policy references],[n],[0.00],[n],[0-3],[Adequate / Deficient],[Evidenced / Not evidenced],"[IDs at maturity 0, or -]",[Evidence to obtain]
CC6.1,Security,CC6 Logical and Physical Access Controls,[Paraphrase the criterion],"[Control IDs, semicolon separated]",[Clause or policy references],[n],[0.00],[n],[0-3],[Adequate / Deficient],[Evidenced / Not evidenced],"[IDs at maturity 0, or -]",[Evidence to obtain]
CC6.2,Security,CC6 Logical and Physical Access Controls,[Paraphrase the criterion],"[Control IDs, semicolon separated]",[Clause or policy references],[n],[0.00],[n],[0-3],[Adequate / Deficient],[Evidenced / Not evidenced],"[IDs at maturity 0, or -]",[Evidence to obtain]
CC6.3,Security,CC6 Logical and Physical Access Controls,[Paraphrase the criterion],"[Control IDs, semicolon separated]",[Clause or policy references],[n],[0.00],[n],[0-3],[Adequate / Deficient],[Evidenced / Not evidenced],"[IDs at maturity 0, or -]",[Evidence to obtain]
CC6.4,Security,CC6 Logical and Physical Access Controls,[Paraphrase the criterion],"[Control IDs, semicolon separated]",[Clause or policy references],[n],[0.00],[n],[0-3],[Adequate / Deficient],[Evidenced / Not evidenced],"[IDs at maturity 0, or -]",[Evidence to obtain]
CC6.5,Security,CC6 Logical and Physical Access Controls,[Paraphrase the criterion],"[Control IDs, semicolon separated]",[Clause or policy references],[n],[0.00],[n],[0-3],[Adequate / Deficient],[Evidenced / Not evidenced],"[IDs at maturity 0, or -]",[Evidence to obtain]
CC6.6,Security,CC6 Logical and Physical Access Controls,[Paraphrase the criterion],"[Control IDs, semicolon separated]",[Clause or policy references],[n],[0.00],[n],[0-3],[Adequate / Deficient],[Evidenced / Not evidenced],"[IDs at maturity 0, or -]",[Evidence to obtain]
CC6.7,Security,CC6 Logical and Physical Access Controls,[Paraphrase the criterion],"[Control IDs, semicolon separated]",[Clause or policy references],[n],[0.00],[n],[0-3],[Adequate / Deficient],[Evidenced / Not evidenced],"[IDs at maturity 0, or -]",[Evidence to obtain]
CC6.8,Security,CC6 Logical and Physical Access Controls,[Paraphrase the criterion],"[Control IDs, semicolon separated]",[Clause or policy references],[n],[0.00],[n],[0-3],[Adequate / Deficient],[Evidenced / Not evidenced],"[IDs at maturity 0, or -]",[Evidence to obtain]
CC7.1,Security,CC7 System Operations,[Paraphrase the criterion],"[Control IDs, semicolon separated]",[Clause or policy references],[n],[0.00],[n],[0-3],[Adequate / Deficient],[Evidenced / Not evidenced],"[IDs at maturity 0, or -]",[Evidence to obtain]
CC7.2,Security,CC7 System Operations,[Paraphrase the criterion],"[Control IDs, semicolon separated]",[Clause or policy references],[n],[0.00],[n],[0-3],[Adequate / Deficient],[Evidenced / Not evidenced],"[IDs at maturity 0, or -]",[Evidence to obtain]
CC7.3,Security,CC7 System Operations,[Paraphrase the criterion],"[Control IDs, semicolon separated]",[Clause or policy references],[n],[0.00],[n],[0-3],[Adequate / Deficient],[Evidenced / Not evidenced],"[IDs at maturity 0, or -]",[Evidence to obtain]
CC7.4,Security,CC7 System Operations,[Paraphrase the criterion],"[Control IDs, semicolon separated]",[Clause or policy references],[n],[0.00],[n],[0-3],[Adequate / Deficient],[Evidenced / Not evidenced],"[IDs at maturity 0, or -]",[Evidence to obtain]
CC7.5,Security,CC7 System Operations,[Paraphrase the criterion],"[Control IDs, semicolon separated]",[Clause or policy references],[n],[0.00],[n],[0-3],[Adequate / Deficient],[Evidenced / Not evidenced],"[IDs at maturity 0, or -]",[Evidence to obtain]
CC8.1,Security,CC8 Change Management,[Paraphrase the criterion],"[Control IDs, semicolon separated]",[Clause or policy references],[n],[0.00],[n],[0-3],[Adequate / Deficient],[Evidenced / Not evidenced],"[IDs at maturity 0, or -]",[Evidence to obtain]
CC9.1,Security,CC9 Risk Mitigation,[Paraphrase the criterion],"[Control IDs, semicolon separated]",[Clause or policy references],[n],[0.00],[n],[0-3],[Adequate / Deficient],[Evidenced / Not evidenced],"[IDs at maturity 0, or -]",[Evidence to obtain]
CC9.2,Security,CC9 Risk Mitigation,[Paraphrase the criterion],"[Control IDs, semicolon separated]",[Clause or policy references],[n],[0.00],[n],[0-3],[Adequate / Deficient],[Evidenced / Not evidenced],"[IDs at maturity 0, or -]",[Evidence to obtain]
A1.1,Availability,A1 Availability,[Paraphrase the criterion],"[Control IDs, semicolon separated]",[Clause or policy references],[n],[0.00],[n],[0-3],[Adequate / Deficient],[Evidenced / Not evidenced],"[IDs at maturity 0, or -]",[Evidence to obtain]
A1.2,Availability,A1 Availability,[Paraphrase the criterion],"[Control IDs, semicolon separated]",[Clause or policy references],[n],[0.00],[n],[0-3],[Adequate / Deficient],[Evidenced / Not evidenced],"[IDs at maturity 0, or -]",[Evidence to obtain]
A1.3,Availability,A1 Availability,[Paraphrase the criterion],"[Control IDs, semicolon separated]",[Clause or policy references],[n],[0.00],[n],[0-3],[Adequate / Deficient],[Evidenced / Not evidenced],"[IDs at maturity 0, or -]",[Evidence to obtain]
C1.1,Confidentiality,C1 Confidentiality,[Paraphrase the criterion],"[Control IDs, semicolon separated]",[Clause or policy references],[n],[0.00],[n],[0-3],[Adequate / Deficient],[Evidenced / Not evidenced],"[IDs at maturity 0, or -]",[Evidence to obtain]
C1.2,Confidentiality,C1 Confidentiality,[Paraphrase the criterion],"[Control IDs, semicolon separated]",[Clause or policy references],[n],[0.00],[n],[0-3],[Adequate / Deficient],[Evidenced / Not evidenced],"[IDs at maturity 0, or -]",[Evidence to obtain]
