Risk ID,Risk Title,Risk Scenario,Risk Category,Risk Owner (Job Title),Inherent Likelihood (1-5),Inherent Impact (1-5),Inherent Score,Inherent Rating,Existing / Planned Controls (CGI-TPR-001),Residual Likelihood (1-5),Residual Impact (1-5),Residual Score,Residual Rating,Treatment Strategy,NEW or REALISES existing CGI-RSK-001 risk,Related CSF Category,Related Vendor ID(s)
VR-001,Personal data processed by a sub-processor under no Article 28 contract,"Confidential data, including incidental customer personal data, is processed in Slack, Notion, Miro, Otter.ai and Grammarly with no executed Data Processing Agreement, so no processing instructions, no security obligations, no breach-notification pathway and no deletion-on-termination duty exist.",Compliance / Supply chain,Chief Technology Officer,4,4,16,Critical,CGI-TPR-001 4.4 contractual clause checklist; onboarding gate at CGI-TPR-001 7.1 blocking any vendor without a DPA; CGI-POL-004 4.2 amendment naming permitted third-party destinations.,2,4,8,Medium,Mitigate,NEW - no event of this kind exists in CGI-RSK-001 v1.0,"GV.SC, GV.OC","CGI-VEN-004, -011, -012, -013, -016"
VR-002,Concentration risk - correlated failure of nominally independent vendors,"A majority of the SaaS estate is itself hosted on the same underlying cloud provider as the CGI platform. A regional failure at that provider removes the platform, the monitoring that would detect it, the ticketing system customers would use to report it and the status page intended to tell them about it, simultaneously.",Availability / Supply chain,Chief Technology Officer,2,5,10,High,CGI-TPR-001 2.6 concentration analysis; Tier 1 exit plans; out-of-band incident channel nominated in the CGI-POL-005 tabletop (REC-12); status page hosted off the primary provider.,2,4,8,Medium,Mitigate,NEW - CGI-RSK-001 v1.0 assessed no correlated or supplier-originated availability scenario,"GV.SC, PR.IR, RC.RP",CGI-VEN-001 and dependent vendors
VR-003,Undisclosed fourth party receives customer personal data through a vendor integration,"A vendor enables or acquires an onward integration that transfers CGI customer personal data to a fourth party that appears in no contract, no sub-processor list and no transfer assessment. CGI learns of it only from a billing line, a breach notice or a customer question.",Privacy / Supply chain,Chief Technology Officer,3,4,12,High,Questionnaire domain 7 (sub-processors and fourth parties); contractual requirement for 30 days' prior notice of sub-processor change with a right to object; annual sub-processor list reconciliation for Tier 1 and Tier 2.,2,4,8,Medium,Mitigate,"NEW - distinct actor, mechanism and pathway from R-003; R-003's four-hour revocation control (CGI-POL-003 4.5.2) is inert against it","GV.SC, PR.DS","CGI-VEN-008, -009, -012"
VR-004,Vendor breach exposes CGI customer data held outside the CGI environment,"A Tier 1 vendor suffers a security breach affecting data CGI has placed with it. CGI has no telemetry over that environment, cannot establish scope independently, and must nonetheless meet the CGI-POL-005 5.6.3 GDPR 72-hour obligation using the vendor's account of events.",Confidentiality / Supply chain,Chief Technology Officer,3,5,15,Critical,Contractual 24-hour vendor-to-CGI breach notification (ahead of the 72-hour clock); vendor incident contacts recorded in the inventory; vendor scenario added to the REC-12 tabletop; Tier 1 assurance artifact review.,3,4,12,High,Mitigate,NEW - CGI-RSK-001 v1.0 contains no vendor-originated breach scenario,"GV.SC, RS.CO, RS.MA",CGI-VEN-001 to -007
VR-005,Shadow IT - business units procure SaaS with no security review,"An employee procures a SaaS tool on a personal card or a free tier, grants it access to CGI data or to a CGI system, and the tool never enters the inventory, receives no assessment, signs no DPA and is never offboarded when the employee leaves.",Governance / Supply chain,Finance Manager,4,3,12,High,CGI-TPR-001 7.1 onboarding gate; quarterly expense and OAuth-grant reconciliation against the inventory; CGI-POL-001 4.5 and 4.10 enforcement; procurement policy requiring Finance approval for any recurring software charge.,3,3,9,Medium,Mitigate,"NEW - this programme's own inventory exercise is what discovered it (CGI-VEN-012, -013)","GV.SC, ID.AM","CGI-VEN-012, -013"
VR-006,"Third-party AI system retains, reviews or trains on CGI and customer content","An AI-enabled vendor ingests customer conversations, documents or typed text and retains it, exposes it to human review, or uses it to train models, with no contractual prohibition. CGI cannot recall the data, cannot satisfy an erasure request over it, and cannot tell a customer where their content went.",Privacy / AI governance,Chief Technology Officer,4,4,16,Critical,"Tiering trigger T2-f forcing minimum Tier 2 for any AI processor; questionnaire domain 15 (AI and automated processing); contractual prohibition on training and on human review without consent; CGI-POL-001 4.5 extended to cover AI vendors, not only AI used by staff.",3,3,9,Medium,Mitigate,NEW - no AI or automated-processing scenario exists in CGI-RSK-001 v1.0. This is the register's single most current blind spot,"GV.SC, PR.DS, GV.OC","CGI-VEN-012, -013"
VR-007,Vendor lock-in - no tested exit capability from a Tier 1 provider,"A Tier 1 vendor is acquired, discontinues the service, suffers sustained degradation or imposes commercially unacceptable terms. CGI has no documented or tested exit path, no export of its data in a usable format and no assessed alternative, so it must accept the new terms.",Availability / Commercial,Chief Executive Officer,3,4,12,High,Documented exit plan mandatory for every Tier 1 vendor; contractual data-export format and assistance obligations; annual exit-plan review at the REC-10 quarterly security review.,3,3,9,Medium,Mitigate,NEW - CGI-RSK-001 v1.0 contains no commercial or continuity-of-supply scenario,"GV.SC, PR.IR","CGI-VEN-001, -002, -003, -006"
VR-008,"Vendor accounts survive employee offboarding, defeating the four-hour revocation SLA","A leaver's access is revoked in Google Workspace within the CGI-POL-003 4.5.2 four-hour SLA, but vendor accounts that are not federated to the identity provider and support no automated deprovisioning remain live and reachable with the leaver's own credentials.",Access control / Supply chain,IT Operations Manager,4,4,16,Critical,Inventory column recording SSO federation and automated deprovisioning capability per vendor; offboarding checklist at CGI-TPR-001 7.2 enumerating every non-federated vendor; contractual requirement for SSO and SCIM on Tier 1 renewal.,3,3,9,Medium,Mitigate,"REALISES R-003 through a new pathway, and creates a residual gap R-003's own control cannot reach; recorded separately so the vendor pathway is visible","GV.SC, PR.AA","CGI-VEN-004, -011, -013, -016"
VR-009,Assurance decay - vendor evidence expires and is never re-collected,"Assurance artifacts are collected once at onboarding and never refreshed. Reports age past their period, certificates lapse or are re-scoped, and the register asserts a level of assurance that no current evidence supports.",Governance / Supply chain,Chief Technology Officer,4,3,12,High,Next Review Date as a mandatory inventory column; tier-driven review cadence; KRI-V3 tracking the percentage of Tier 1 artifacts within period; bridge letters required where a SOC 2 period ended more than three months ago.,2,3,6,Medium,Mitigate,NEW - an operational risk created by running a vendor programme at all; it did not exist before CGI began holding assurance evidence,"GV.SC, GV.OV",All Tier 1 and Tier 2
