Vendor ID,Vendor Name,Service Description,Business Owner (Job Title),Data Classification Accessed,Data Types Processed,Volume / Criticality,Hosting Region,Sub-processors Used,DPA in Place,Assurance Artifact Held,Tier,Inherent Vendor Risk,Assessment Status,Next Review Date,Related CGI-RSK-001 Risk ID,Related CSF Category,D Data Exposure (0-3),A Availability Dependency (0-3),C Connectivity / Privilege (0-3),R Replaceability (0-3),Factor Total,Escalation Triggers Fired,Inherent Rating,SSO Federated,Assessor Note
CGI-VEN-001,Amazon Web Services (AWS),Cloud hosting and infrastructure for the production platform,Chief Technology Officer,Restricted,"Customer account data, project content, payment metadata, backups, application logs",All production data for approx. 200 customers / Critical,"eu-central-1 (Frankfurt), with us-east-1 for backups",Y,Y - 14 Feb 2024,"SOC 2 Type II (period ended 30 Jun 2026) + ISO/IEC 27001, 27017, 27018 - held on file",1,10,Assessed - PASS WITH CONDITIONS (VRA-2026-001),15 Dec 2026 (conditions) / 15 Sep 2027 (full),"R-005, R-002","PR.IR, GV.SC, PR.DS",3,3,3,3,12,"T1-a, T1-b, T1-c, T1-d, T1-e",High,Y,Carve-out method; four CUECs unaccepted. No CIS baseline on the CGI side (CG-03).
CGI-VEN-002,GitHub (Microsoft),"Source code hosting, CI/CD pipeline and secrets store",Chief Technology Officer,Confidential,"Application source code, infrastructure-as-code, CI secrets, deployment credentials",100% of the codebase / Critical,United States (multi-region),Y,Y - 09 Mar 2024,SOC 2 Type II (period ended 31 Mar 2026) + ISO/IEC 27001 - held on file,1,15,Assessed - Pass (VRA-2026-004),15 Sep 2027,R-004,"PR.PS, GV.SC",2,2,3,3,10,"T1-c, T1-e",Critical,Y,No branch protection on the CGI side (CG-02). Vendor control strong; our use of it is not.
CGI-VEN-003,Google Workspace,"Email, documents, shared drives and primary identity provider",IT Operations Manager,Confidential,"Internal documents, employee email, contracts, limited customer PII","50 mailboxes, all internal documents / High",EU and US (global regions),Y,Y - 22 Jan 2024,"SOC 2 Type II (period ended 31 May 2026) + ISO/IEC 27001, 27017, 27018 - held on file",1,12,Assessed - Pass (VRA-2026-005),15 Sep 2027,"R-001, R-003","PR.AA, PR.DS, GV.SC",2,3,2,3,10,"T1-d, T1-e",High,Y,"No data-egress monitoring on the CGI side (CG-05). Acts as IdP, so a compromise is estate-wide."
CGI-VEN-004,Slack (Salesforce),"Internal communications, incident channel and customer-facing shared channels",IT Operations Manager,Confidential,"Internal discussion, pasted credentials and screenshots, incidental customer PII, incident traffic","50 users, 3 shared channels with customers / High",United States,Y,N - NOT EXECUTED,"SOC 2 Type II (period ended 30 Nov 2025) - held on file, 9.5 months stale, no bridge letter",1,12,Assessed - FAIL (VRA-2026-002),15 Dec 2026 (re-assessment),"R-001, R-003","GV.SC, PR.DS, RS.CO",2,2,2,2,8,T1-e,High,N,No DPA; no SCIM so CGI-POL-003 4.5.2 four-hour revocation is not technically achievable; unlimited retention; guest access uncontrolled.
CGI-VEN-005,Stripe,Payment processing and subscription billing,Finance Manager,Restricted,"Billing contact details, payment metadata, invoices. No PAN held by CGI (AVD-001)","approx. 200 billing relationships, USD 3.6M ARR / High",United States and Ireland,Y,Y - 05 Apr 2024,SOC 2 Type II (period ended 30 Apr 2026) + PCI DSS Level 1 AoC + ISO/IEC 27001 - held on file,1,8,Assessed - Pass (VRA-2026-006),15 Sep 2027,R-005,"GV.SC, PR.DS",3,2,1,2,8,"T1-a, T1-e",Medium,Y,Tier 1 by Restricted-data trigger yet only Medium inherent risk - tier and score are different measures.
CGI-VEN-006,Auth0 (Okta),Customer identity and authentication for the CGI platform,Chief Technology Officer,Confidential,"Customer end-user identifiers, credentials, session and MFA enrolment data","approx. 9,000 end-user identities across 200 customers / Critical",eu (Frankfurt) tenant,Y,Y - 17 Jun 2024,SOC 2 Type II (period ended 28 Feb 2026) + ISO/IEC 27001 - held on file,1,10,Assessed - Pass (VRA-2026-007),15 Sep 2027,"R-001, R-004","PR.AA, GV.SC",2,3,2,3,10,"T1-b, T1-d, T1-e",High,Y,Single point of authentication failure for every customer tenant.
CGI-VEN-007,Datadog,Application performance monitoring and application log search (engineering use; not configured as a security log source),Chief Technology Officer,Confidential,"Production application logs, infrastructure telemetry, traces containing customer identifiers",All production log traffic / High,eu1 (Frankfurt),Y,Y - 11 Nov 2025,SOC 2 Type II (period ended 30 Jun 2026) + ISO/IEC 27001 - held on file,1,12,Assessed - Pass (VRA-2026-008),15 Sep 2027,"R-003, R-005","DE.CM, GV.SC",2,1,3,2,8,"T1-b, T1-c",High,Y,Log scrubbing rules not verified; agent holds read access across production hosts.
CGI-VEN-008,HubSpot,"CRM, marketing automation and customer lifecycle management",Head of Customer Success,Confidential,"Customer and prospect contact PII, commercial terms, support correspondence","approx. 200 customer accounts plus approx. 4,000 prospect records / Medium",EU (Frankfurt) data centre,Y,Y - 30 Aug 2024,SOC 2 Type II (period ended 31 Jan 2026) - held on file,2,12,Assessed - Pass with observation,15 Mar 2028,R-003,"GV.SC, PR.DS",2,1,1,2,6,-,High,Y,Largest single concentration of contact PII outside the platform. Marketing integrations not inventoried.
CGI-VEN-009,Zendesk,Customer support ticketing and help centre,Head of Customer Success,Confidential,"Support tickets, customer screenshots and attachments, occasional credentials pasted by users",approx. 350 tickets per month / Medium,EU (Frankfurt),Y,Y - 14 Oct 2024,SOC 2 Type II (period ended 31 Mar 2026) + ISO/IEC 27001 - held on file,2,9,Assessed - Pass,15 Mar 2028,"R-001, R-003","GV.SC, RS.CO",2,2,1,1,6,-,Medium,Y,"Attachment content is the exposure, not the ticket text."
CGI-VEN-010,Personio,"HR information system, employee records and onboarding workflow",Head of People and Operations,Confidential,"Employee personal data, contracts, payroll reference data, onboarding records",50 employee records / Medium,EU (Germany),Y,Y - 03 Feb 2025,ISO/IEC 27001 - held on file. No SOC 2 published,2,6,Assessed - Pass,15 Mar 2028,R-003,GV.SC,2,1,1,2,6,-,Medium,Y,Feeds the CGI-POL-003 joiner-mover-leaver process; an outage delays revocation evidence.
CGI-VEN-011,Notion,"Internal knowledge base, runbooks and project documentation",Chief Technology Officer,Confidential,"Internal procedures, architecture notes, meeting records, occasional customer names","approx. 1,200 pages / Medium",United States,Y,"N - NOT EXECUTED (team plan, DPA never countersigned)","SOC 2 Type II (period ended 31 Dec 2025) - vendor publishes, NOT obtained by CGI",2,9,Assessed - Pass with conditions,15 Mar 2028,R-003,"GV.SC, PR.DS",2,1,0,1,4,-,Medium,N,Public-share links are enabled tenant-wide and have never been audited.
CGI-VEN-012,Otter.ai,AI meeting transcription and summarisation (joins customer and internal calls),Head of Customer Success,Confidential,"Full audio and transcripts of internal and customer calls, including commercial and security discussion",approx. 40 meetings per month / Medium,United States,N - not disclosed,N - NO CONTRACT OF ANY KIND,None held,2,16,SHADOW IT - discovered 15 Sep 2026 in expense review; assessment in progress,15 Oct 2026 (decision due),R-003,"GV.SC, PR.DS, GV.OC",2,0,1,0,3,T2-f,Critical,Not provisioned (shadow IT),Procured on a personal card. Breaches CGI-POL-001 4.5 (AI use). Model-training terms unreviewed.
CGI-VEN-013,Grammarly Business,AI writing assistance browser extension,Head of People and Operations,Confidential,"Any text typed into any web field, including Slack, Notion, the CGI admin console and email",12 seats / Medium,United States,N - not disclosed,N - individual licences on expense,None held (vendor publishes SOC 2 Type II - not obtained by CGI),2,12,Assessed - Pass with conditions (extension scope restricted),15 Mar 2028,R-003,"GV.SC, PR.DS",2,0,1,0,3,T2-f,High,N,Scored 3 on the tiering factors; escalated to Tier 2 by trigger T2-f. Reads Confidential text by design.
CGI-VEN-014,Figma,Product and interface design,Chief Technology Officer,Internal,"UI designs, unreleased feature mock-ups, marketing assets. No customer data",8 seats / Low,United States,Y,Y - 19 May 2025,SOC 2 Type II (period ended 30 Apr 2026) - held on file,3,4,Assessed - Accepted (light touch),15 Sep 2028,-,GV.SC,1,1,0,1,3,-,Low,Y,Roadmap confidentiality is the only exposure.
CGI-VEN-015,Calendly,External meeting scheduling,Head of Customer Success,Confidential,"Invitee name, email address, meeting subject line. No account or platform data",approx. 120 bookings per month / Low,United States,Y,Y - 08 Jul 2025,SOC 2 Type II (period ended 28 Feb 2026) - held on file,3,4,Assessed - ACCEPTED with documented justification (VRA-2026-003),15 Sep 2028,-,GV.SC,2,0,1,0,3,-,Low,Y,Calendar read-write scope is the only privilege of note. Replaceable within one business day.
CGI-VEN-016,Miro,Collaborative whiteboarding for workshops and architecture sessions,Chief Technology Officer,Internal,"Architecture diagrams, workshop output, retrospective notes",20 seats / Low,EU and US,Y,N - NOT EXECUTED,None held (vendor publishes SOC 2 Type II - not obtained by CGI),3,4,"Assessed - Accepted (light touch), DPA action open",15 Sep 2028,-,GV.SC,1,0,0,0,1,-,Low,N,Architecture diagrams are a reconnaissance aid if the board is publicly shared.
CGI-VEN-017,Atlassian Statuspage,Public service status page (required by CGI-GAP-001 REC-14),Head of Customer Success,Public,Incident status text and subscriber email addresses only,approx. 200 subscribers expected / Low,United States,Pending,Pending - in contract review,None held - onboarding in progress,3,4,ONBOARDING - in assessment under the CGI-TPR-001 workflow,On go-live,R-002,"RC.CO, GV.SC",0,1,0,0,1,-,Low,Pending,First vendor onboarded through the new workflow; used as the worked example in Part 7.
